-- MySQL dump 10.13  Distrib 5.7.33, for Win64 (x86_64)
--
-- Host: localhost    Database: tabacodb
-- ------------------------------------------------------
-- Server version	5.7.33

/*!40101 SET @OLD_CHARACTER_SET_CLIENT=@@CHARACTER_SET_CLIENT */;
/*!40101 SET @OLD_CHARACTER_SET_RESULTS=@@CHARACTER_SET_RESULTS */;
/*!40101 SET @OLD_COLLATION_CONNECTION=@@COLLATION_CONNECTION */;
/*!40101 SET NAMES utf8 */;
/*!40103 SET @OLD_TIME_ZONE=@@TIME_ZONE */;
/*!40103 SET TIME_ZONE='+00:00' */;
/*!40014 SET @OLD_UNIQUE_CHECKS=@@UNIQUE_CHECKS, UNIQUE_CHECKS=0 */;
/*!40014 SET @OLD_FOREIGN_KEY_CHECKS=@@FOREIGN_KEY_CHECKS, FOREIGN_KEY_CHECKS=0 */;
/*!40101 SET @OLD_SQL_MODE=@@SQL_MODE, SQL_MODE='NO_AUTO_VALUE_ON_ZERO' */;
/*!40111 SET @OLD_SQL_NOTES=@@SQL_NOTES, SQL_NOTES=0 */;

--
-- Table structure for table `ajustes`
--

DROP TABLE IF EXISTS `ajustes`;
/*!40101 SET @saved_cs_client     = @@character_set_client */;
/*!40101 SET character_set_client = utf8 */;
CREATE TABLE `ajustes` (
  `idajuste` int(11) NOT NULL AUTO_INCREMENT,
  `concepto` varchar(50) DEFAULT NULL,
  `monto` float(9,3) DEFAULT NULL,
  `fecha` date DEFAULT NULL,
  `usuario` varchar(20) DEFAULT NULL,
  PRIMARY KEY (`idajuste`)
) ENGINE=InnoDB AUTO_INCREMENT=17 DEFAULT CHARSET=latin1;
/*!40101 SET character_set_client = @saved_cs_client */;

--
-- Dumping data for table `ajustes`
--

LOCK TABLES `ajustes` WRITE;
/*!40000 ALTER TABLE `ajustes` DISABLE KEYS */;
INSERT INTO `ajustes` VALUES (1,'VIR025-24 COMPRA',0.000,'2024-07-17','Administrador'),(2,'INICIO',400.000,'2024-07-17','Administrador'),(3,'e había inventario viejo en principal',85.000,'2024-07-17','FRANK'),(4,'Nuevo que ya estaban en parrilla',0.000,'2024-07-17','FRANK'),(5,'e había inventario viejo en principal',0.000,'2024-07-18','FRANK'),(6,'Chimo que había en el incio',0.000,'2024-07-19','FRANK'),(7,'Chimo que había en el incio en el galpon2',0.000,'2024-07-19','FRANK'),(8,'Chimo que se mando a BM ajuste',0.000,'2024-07-19','FRANK'),(9,'e había inventario viejo en principal',0.000,'2024-07-19','FRANK'),(10,'Se rajo tobo y se echo parrila',-3.000,'2024-07-19','FRANK'),(11,'Compra de tobos 190',0.000,'2024-08-13','FRANK'),(12,'Compra flexa',0.000,'2024-08-15','FRANK'),(13,'Ajuste por negativo',0.000,'2024-10-29','FRANK'),(14,'Se peso es lo real que hay',0.000,'2024-10-29','FRANK'),(15,'VIR02-24 COMPRA llego enero',48400.000,'2025-01-24','FRANK'),(16,'ATBR 021/24 COMPRA',23760.000,'2025-01-24','FRANK');
/*!40000 ALTER TABLE `ajustes` ENABLE KEYS */;
UNLOCK TABLES;

--
-- Table structure for table `articulos`
--

DROP TABLE IF EXISTS `articulos`;
/*!40101 SET @saved_cs_client     = @@character_set_client */;
/*!40101 SET character_set_client = utf8 */;
CREATE TABLE `articulos` (
  `idarticulo` int(11) NOT NULL AUTO_INCREMENT,
  `codigo` varchar(20) DEFAULT NULL,
  `nombre` varchar(20) DEFAULT NULL,
  `stock` float(9,3) DEFAULT NULL,
  `precio` float(9,3) DEFAULT NULL,
  `estado` varchar(20) DEFAULT 'Activo',
  `venta` int(11) DEFAULT '0',
  PRIMARY KEY (`idarticulo`)
) ENGINE=InnoDB AUTO_INCREMENT=6 DEFAULT CHARSET=latin1;
/*!40101 SET character_set_client = @saved_cs_client */;

--
-- Dumping data for table `articulos`
--

LOCK TABLES `articulos` WRITE;
/*!40000 ALTER TABLE `articulos` DISABLE KEYS */;
INSERT INTO `articulos` VALUES (1,'001','JALEA PRODUCCION',1615.000,1.000,'Activo',0),(2,'002','JALEA TOBO 24KG',4412.000,1.000,'Activo',1),(3,'003','TABACO',90532.469,1.000,'Activo',0),(4,'004','TOBO ENVASE ',-2345.000,0.000,'Activo',0),(5,'003','CAJAS DE TABACO',0.000,1.000,'Activo',0);
/*!40000 ALTER TABLE `articulos` ENABLE KEYS */;
UNLOCK TABLES;

--
-- Table structure for table `clientes`
--

DROP TABLE IF EXISTS `clientes`;
/*!40101 SET @saved_cs_client     = @@character_set_client */;
/*!40101 SET character_set_client = utf8 */;
CREATE TABLE `clientes` (
  `idcliente` int(11) NOT NULL AUTO_INCREMENT,
  `nombre` varchar(200) NOT NULL,
  `cedula` varchar(20) NOT NULL,
  `telefono` varchar(30) NOT NULL,
  `direccion` varchar(200) NOT NULL,
  `creado` datetime DEFAULT NULL,
  `tobos` int(11) DEFAULT '0',
  PRIMARY KEY (`idcliente`)
) ENGINE=InnoDB AUTO_INCREMENT=5 DEFAULT CHARSET=latin1;
/*!40101 SET character_set_client = @saved_cs_client */;

--
-- Dumping data for table `clientes`
--

LOCK TABLES `clientes` WRITE;
/*!40000 ALTER TABLE `clientes` DISABLE KEYS */;
INSERT INTO `clientes` VALUES (1,'BM G','123456','(414) 737-2092','G P','2024-07-19 09:43:13',740),(2,'Corcel FQ','501967598','4140706626','Yaritagua','2024-08-08 10:11:39',1289),(3,'LUIS PRLA NGRA','123','(000) 000-0000','gnrito','2025-01-24 16:01:42',0),(4,'CHIMO CAMARITA','J506081903','(414) 123-4567','BIRUACA APURE','2025-05-20 15:51:13',0);
/*!40000 ALTER TABLE `clientes` ENABLE KEYS */;
UNLOCK TABLES;

--
-- Table structure for table `cocedor`
--

DROP TABLE IF EXISTS `cocedor`;
/*!40101 SET @saved_cs_client     = @@character_set_client */;
/*!40101 SET character_set_client = utf8 */;
CREATE TABLE `cocedor` (
  `idcocedor` int(11) NOT NULL AUTO_INCREMENT,
  `nombre` varchar(50) DEFAULT NULL,
  `telefono` varchar(20) DEFAULT NULL,
  `cedula` varchar(20) DEFAULT NULL,
  `activo` int(11) DEFAULT '0',
  PRIMARY KEY (`idcocedor`)
) ENGINE=InnoDB AUTO_INCREMENT=8 DEFAULT CHARSET=latin1;
/*!40101 SET character_set_client = @saved_cs_client */;

--
-- Dumping data for table `cocedor`
--

LOCK TABLES `cocedor` WRITE;
/*!40000 ALTER TABLE `cocedor` DISABLE KEYS */;
INSERT INTO `cocedor` VALUES (1,'FABIAN',NULL,NULL,0),(2,'ROGELIO',NULL,NULL,0),(3,'OSMAN',NULL,NULL,0),(4,'JESUS',NULL,NULL,0),(5,'PABLO',NULL,NULL,0),(6,'DARLY',NULL,NULL,0),(7,'JESUS TAMACA',NULL,NULL,0);
/*!40000 ALTER TABLE `cocedor` ENABLE KEYS */;
UNLOCK TABLES;

--
-- Table structure for table `controltobos`
--

DROP TABLE IF EXISTS `controltobos`;
/*!40101 SET @saved_cs_client     = @@character_set_client */;
/*!40101 SET character_set_client = utf8 */;
CREATE TABLE `controltobos` (
  `id` int(11) NOT NULL AUTO_INCREMENT,
  `idcliente` int(11) DEFAULT NULL,
  `tipo` int(11) DEFAULT NULL,
  `deposito` int(11) DEFAULT NULL,
  `cantidad` int(11) DEFAULT NULL,
  `observacion` varchar(20) DEFAULT NULL,
  `fecha` date DEFAULT NULL,
  `usuario` varchar(20) DEFAULT NULL,
  PRIMARY KEY (`id`)
) ENGINE=InnoDB AUTO_INCREMENT=26 DEFAULT CHARSET=latin1;
/*!40101 SET character_set_client = @saved_cs_client */;

--
-- Dumping data for table `controltobos`
--

LOCK TABLES `controltobos` WRITE;
/*!40000 ALTER TABLE `controltobos` DISABLE KEYS */;
INSERT INTO `controltobos` VALUES (1,1,0,1,2000,'Venta 1','2024-07-19','FRANK'),(2,1,1,1,200,'Entregaron 200','2024-07-19','FRANK'),(3,2,0,1,99,'Venta 2','2024-08-08','FRANK'),(4,2,0,1,152,'Venta 3','2024-08-22','FRANK'),(5,2,1,2,268,'Vacios','2024-08-28','FRANK'),(6,2,0,1,19,'Venta 4','2024-08-28','FRANK'),(7,1,1,1,800,'El 30 de agosto','2024-09-03','FRANK'),(8,2,0,1,290,'Venta 5','2024-09-03','FRANK'),(9,2,0,1,150,'Venta 6','2024-09-13','FRANK'),(10,2,0,1,148,'Venta 7','2024-10-09','FRANK'),(11,1,0,1,250,'Venta 8','2024-10-10','FRANK'),(12,1,0,1,250,'Venta 9','2024-10-14','FRANK'),(13,1,0,1,250,'Venta 10','2024-10-16','FRANK'),(14,1,0,1,250,'Venta 11','2024-10-17','FRANK'),(15,1,0,1,250,'Venta 12','2024-10-20','FRANK'),(16,1,0,1,250,'Venta 13','2024-10-20','FRANK'),(17,2,0,1,150,'Venta 14','2024-10-20','FRANK'),(18,1,1,1,360,'16/10/2024','2024-10-20','FRANK'),(19,1,0,1,250,'Venta 15','2024-10-21','FRANK'),(20,1,0,1,250,'Venta 16','2024-10-25','FRANK'),(21,1,1,1,900,'entrergaron','2025-01-24','FRANK'),(22,2,0,1,549,'Venta 17','2025-01-24','FRANK'),(23,3,0,1,105,'Venta 18','2025-01-24','FRANK'),(24,3,1,1,105,'entregaron','2025-01-24','FRANK'),(25,1,1,1,1000,'ENTREGO 20/05/2025','2025-05-23','FRANK');
/*!40000 ALTER TABLE `controltobos` ENABLE KEYS */;
UNLOCK TABLES;

--
-- Table structure for table `deposito`
--

DROP TABLE IF EXISTS `deposito`;
/*!40101 SET @saved_cs_client     = @@character_set_client */;
/*!40101 SET character_set_client = utf8 */;
CREATE TABLE `deposito` (
  `iddeposito` int(11) NOT NULL AUTO_INCREMENT,
  `nombre` varchar(30) DEFAULT NULL,
  `encargado` varchar(40) DEFAULT NULL,
  `movil` varchar(20) DEFAULT '0',
  PRIMARY KEY (`iddeposito`)
) ENGINE=InnoDB AUTO_INCREMENT=4 DEFAULT CHARSET=latin1;
/*!40101 SET character_set_client = @saved_cs_client */;

--
-- Dumping data for table `deposito`
--

LOCK TABLES `deposito` WRITE;
/*!40000 ALTER TABLE `deposito` DISABLE KEYS */;
INSERT INTO `deposito` VALUES (1,'PRINCIPAL','Frank','0154121223'),(2,'PRODUCCION','Frank','041623561'),(3,'ALMACEN 2','Frank','424515154');
/*!40000 ALTER TABLE `deposito` ENABLE KEYS */;
UNLOCK TABLES;

--
-- Table structure for table `detalle_ajuste`
--

DROP TABLE IF EXISTS `detalle_ajuste`;
/*!40101 SET @saved_cs_client     = @@character_set_client */;
/*!40101 SET character_set_client = utf8 */;
CREATE TABLE `detalle_ajuste` (
  `iddetalle_ajuste` int(11) NOT NULL AUTO_INCREMENT,
  `idajuste` int(11) NOT NULL,
  `idarticulo` int(11) NOT NULL,
  `tipo_ajuste` varchar(15) NOT NULL,
  `cantidad` float(9,3) NOT NULL,
  `costo` float(9,3) DEFAULT NULL,
  `valorizado` float(11,2) NOT NULL,
  PRIMARY KEY (`iddetalle_ajuste`)
) ENGINE=InnoDB AUTO_INCREMENT=17 DEFAULT CHARSET=latin1;
/*!40101 SET character_set_client = @saved_cs_client */;

--
-- Dumping data for table `detalle_ajuste`
--

LOCK TABLES `detalle_ajuste` WRITE;
/*!40000 ALTER TABLE `detalle_ajuste` DISABLE KEYS */;
INSERT INTO `detalle_ajuste` VALUES (1,1,3,'Cargo',116550.000,0.000,0.00),(2,2,4,'Cargo',400.000,1.000,400.00),(3,3,4,'Cargo',85.000,1.000,85.00),(4,4,4,'Cargo',100.000,0.000,0.00),(5,5,4,'Cargo',265.000,0.000,0.00),(6,6,2,'Cargo',1528.000,0.000,0.00),(7,7,2,'Cargo',99.000,0.000,0.00),(8,8,2,'Cargo',2000.000,0.000,0.00),(9,9,4,'Cargo',345.000,0.000,0.00),(10,10,1,'Descargo',3.000,1.000,3.00),(11,11,4,'Cargo',190.000,0.000,0.00),(12,12,3,'Cargo',6573.000,0.000,0.00),(13,13,3,'Cargo',24077.000,0.000,0.00),(14,14,3,'Cargo',80533.469,0.000,0.00),(15,15,3,'Cargo',48400.000,1.000,48400.00),(16,16,3,'Cargo',23760.000,1.000,23760.00);
/*!40000 ALTER TABLE `detalle_ajuste` ENABLE KEYS */;
UNLOCK TABLES;

--
-- Table structure for table `detalle_entrega`
--

DROP TABLE IF EXISTS `detalle_entrega`;
/*!40101 SET @saved_cs_client     = @@character_set_client */;
/*!40101 SET character_set_client = utf8 */;
CREATE TABLE `detalle_entrega` (
  `iddetalle` int(11) NOT NULL AUTO_INCREMENT,
  `identrega` int(11) DEFAULT NULL,
  `idarticulo` int(11) DEFAULT NULL,
  `cantidad` float(9,3) DEFAULT NULL,
  `precio` float(9,3) DEFAULT NULL,
  `valor` float(9,3) DEFAULT NULL,
  `fecha` date DEFAULT NULL,
  PRIMARY KEY (`iddetalle`)
) ENGINE=InnoDB AUTO_INCREMENT=19 DEFAULT CHARSET=latin1;
/*!40101 SET character_set_client = @saved_cs_client */;

--
-- Dumping data for table `detalle_entrega`
--

LOCK TABLES `detalle_entrega` WRITE;
/*!40000 ALTER TABLE `detalle_entrega` DISABLE KEYS */;
INSERT INTO `detalle_entrega` VALUES (1,1,2,2000.000,0.000,0.000,'2024-07-19'),(2,2,2,99.000,0.000,0.000,'2024-08-08'),(3,3,2,152.000,0.000,0.000,'2024-08-22'),(4,4,2,19.000,0.000,0.000,'2024-08-28'),(5,5,2,290.000,0.000,0.000,'2024-09-03'),(6,6,2,150.000,0.000,0.000,'2024-09-13'),(7,7,2,148.000,0.000,0.000,'2024-10-09'),(8,8,2,250.000,0.000,0.000,'2024-10-10'),(9,9,2,250.000,0.000,0.000,'2024-10-14'),(10,10,2,250.000,0.000,0.000,'2024-10-16'),(11,11,2,250.000,0.000,0.000,'2024-10-17'),(12,12,2,250.000,0.000,0.000,'2024-10-20'),(13,13,2,250.000,0.000,0.000,'2024-10-20'),(14,14,2,150.000,0.000,0.000,'2024-10-20'),(15,15,2,250.000,0.000,0.000,'2024-10-21'),(16,16,2,250.000,0.000,0.000,'2024-10-25'),(17,17,2,549.000,1.000,549.000,'2025-01-24'),(18,18,2,105.000,1.000,105.000,'2025-01-24');
/*!40000 ALTER TABLE `detalle_entrega` ENABLE KEYS */;
UNLOCK TABLES;

--
-- Table structure for table `detalle_traslado`
--

DROP TABLE IF EXISTS `detalle_traslado`;
/*!40101 SET @saved_cs_client     = @@character_set_client */;
/*!40101 SET character_set_client = utf8 */;
CREATE TABLE `detalle_traslado` (
  `iddetalle` int(11) NOT NULL AUTO_INCREMENT,
  `idtraslado` int(11) DEFAULT NULL,
  `idarticulo` int(11) DEFAULT NULL,
  `cantidad` float(7,2) DEFAULT NULL,
  `precio` float(9,3) DEFAULT NULL,
  PRIMARY KEY (`iddetalle`)
) ENGINE=InnoDB AUTO_INCREMENT=25 DEFAULT CHARSET=latin1;
/*!40101 SET character_set_client = @saved_cs_client */;

--
-- Dumping data for table `detalle_traslado`
--

LOCK TABLES `detalle_traslado` WRITE;
/*!40000 ALTER TABLE `detalle_traslado` DISABLE KEYS */;
INSERT INTO `detalle_traslado` VALUES (1,1,4,400.00,0.000),(2,2,4,100.00,0.000),(3,3,4,85.00,0.000),(4,4,4,265.00,0.000),(5,5,2,99.00,0.000),(6,6,2,253.00,0.000),(7,7,2,271.00,0.000),(8,8,1,3.00,1.000),(9,9,2,190.00,0.000),(10,10,2,305.00,0.000),(11,11,2,99.00,0.000),(12,12,4,190.00,0.000),(13,13,2,152.00,0.000),(14,14,2,177.00,0.000),(15,15,2,209.00,0.000),(16,16,2,249.00,0.000),(17,17,2,98.00,0.000),(18,18,2,237.00,0.000),(19,19,2,207.00,0.000),(20,20,2,192.00,0.000),(21,21,2,273.00,0.000),(22,22,2,148.00,0.000),(23,23,2,1197.00,0.000),(24,24,1,19.00,1.000);
/*!40000 ALTER TABLE `detalle_traslado` ENABLE KEYS */;
UNLOCK TABLES;

--
-- Table structure for table `empresa`
--

DROP TABLE IF EXISTS `empresa`;
/*!40101 SET @saved_cs_client     = @@character_set_client */;
/*!40101 SET character_set_client = utf8 */;
CREATE TABLE `empresa` (
  `idempresa` int(11) NOT NULL,
  `nombre` varchar(100) NOT NULL,
  `direccion` varchar(150) DEFAULT NULL,
  `rif` varchar(20) NOT NULL,
  `telefono` varchar(20) DEFAULT NULL,
  `fechasistema` date DEFAULT NULL,
  `inicio` date DEFAULT NULL,
  `corre_iva` int(11) DEFAULT '0',
  `corre_islr` int(11) DEFAULT '0',
  `tc` double(15,2) DEFAULT NULL,
  `peso` double(9,2) DEFAULT NULL,
  `tasa_banco` double(15,3) DEFAULT NULL,
  `serie` text,
  PRIMARY KEY (`idempresa`)
) ENGINE=InnoDB DEFAULT CHARSET=latin1;
/*!40101 SET character_set_client = @saved_cs_client */;

--
-- Dumping data for table `empresa`
--

LOCK TABLES `empresa` WRITE;
/*!40000 ALTER TABLE `empresa` DISABLE KEYS */;
INSERT INTO `empresa` VALUES (1,'FABRICA DE JALEA CORCEL','Ctra. via  Zea Casa s/n Sector Km 6 y 7  Caño El Tigre, Zea Estado Merida','J00000000','0416-2065648','2025-07-15','2024-07-15',0,0,0.00,0.00,0.000,'0');
/*!40000 ALTER TABLE `empresa` ENABLE KEYS */;
UNLOCK TABLES;

--
-- Table structure for table `entrega`
--

DROP TABLE IF EXISTS `entrega`;
/*!40101 SET @saved_cs_client     = @@character_set_client */;
/*!40101 SET character_set_client = utf8 */;
CREATE TABLE `entrega` (
  `identrega` int(11) NOT NULL AUTO_INCREMENT,
  `idcliente` int(11) DEFAULT NULL,
  `idusuario` int(11) DEFAULT NULL,
  `tipo` varchar(20) DEFAULT NULL,
  `totalventa` float(9,3) DEFAULT NULL,
  `fecha` date DEFAULT NULL,
  `usuario` varchar(20) DEFAULT NULL,
  `status` int(11) DEFAULT '0',
  PRIMARY KEY (`identrega`)
) ENGINE=InnoDB AUTO_INCREMENT=19 DEFAULT CHARSET=latin1;
/*!40101 SET character_set_client = @saved_cs_client */;

--
-- Dumping data for table `entrega`
--

LOCK TABLES `entrega` WRITE;
/*!40000 ALTER TABLE `entrega` DISABLE KEYS */;
INSERT INTO `entrega` VALUES (1,1,1,'FAC',0.000,'2024-07-19','FRANK',0),(2,2,1,'FAC',0.000,'2024-08-08','FRANK',0),(3,2,1,'FAC',0.000,'2024-08-22','FRANK',0),(4,2,1,'FAC',0.000,'2024-08-28','FRANK',0),(5,2,1,'FAC',0.000,'2024-09-03','FRANK',0),(6,2,1,'FAC',0.000,'2024-09-13','FRANK',0),(7,2,1,'FAC',0.000,'2024-10-09','FRANK',0),(8,1,1,'FAC',0.000,'2024-10-10','FRANK',0),(9,1,1,'FAC',0.000,'2024-10-14','FRANK',0),(10,1,1,'FAC',0.000,'2024-10-16','FRANK',0),(11,1,1,'FAC',0.000,'2024-10-17','FRANK',0),(12,1,1,'FAC',0.000,'2024-10-20','FRANK',0),(13,1,1,'FAC',0.000,'2024-10-20','FRANK',0),(14,2,1,'FAC',0.000,'2024-10-20','FRANK',0),(15,1,1,'FAC',0.000,'2024-10-21','FRANK',0),(16,1,1,'FAC',0.000,'2024-10-25','FRANK',0),(17,2,1,'FAC',549.000,'2025-01-24','FRANK',0),(18,3,1,'FAC',105.000,'2025-01-24','FRANK',0);
/*!40000 ALTER TABLE `entrega` ENABLE KEYS */;
UNLOCK TABLES;

--
-- Table structure for table `existencia`
--

DROP TABLE IF EXISTS `existencia`;
/*!40101 SET @saved_cs_client     = @@character_set_client */;
/*!40101 SET character_set_client = utf8 */;
CREATE TABLE `existencia` (
  `id` int(11) NOT NULL AUTO_INCREMENT,
  `idalmacen` int(11) DEFAULT NULL,
  `idarticulo` int(11) DEFAULT NULL,
  `existencia` float(9,2) DEFAULT NULL,
  PRIMARY KEY (`id`)
) ENGINE=InnoDB AUTO_INCREMENT=11 DEFAULT CHARSET=latin1;
/*!40101 SET character_set_client = @saved_cs_client */;

--
-- Dumping data for table `existencia`
--

LOCK TABLES `existencia` WRITE;
/*!40000 ALTER TABLE `existencia` DISABLE KEYS */;
INSERT INTO `existencia` VALUES (1,2,1,900.00),(2,2,2,2326.00),(3,1,3,90532.47),(4,1,4,2845.00),(5,1,2,2086.00),(6,1,1,715.00),(7,3,2,0.00),(8,1,5,0.00),(9,3,4,0.00),(10,2,4,-5196.00);
/*!40000 ALTER TABLE `existencia` ENABLE KEYS */;
UNLOCK TABLES;

--
-- Table structure for table `failed_jobs`
--

DROP TABLE IF EXISTS `failed_jobs`;
/*!40101 SET @saved_cs_client     = @@character_set_client */;
/*!40101 SET character_set_client = utf8 */;
CREATE TABLE `failed_jobs` (
  `id` bigint(20) unsigned NOT NULL AUTO_INCREMENT,
  `uuid` varchar(255) COLLATE utf8mb4_unicode_ci NOT NULL,
  `connection` text COLLATE utf8mb4_unicode_ci NOT NULL,
  `queue` text COLLATE utf8mb4_unicode_ci NOT NULL,
  `payload` longtext COLLATE utf8mb4_unicode_ci NOT NULL,
  `exception` longtext COLLATE utf8mb4_unicode_ci NOT NULL,
  `failed_at` timestamp NOT NULL DEFAULT CURRENT_TIMESTAMP,
  PRIMARY KEY (`id`),
  UNIQUE KEY `failed_jobs_uuid_unique` (`uuid`)
) ENGINE=InnoDB DEFAULT CHARSET=utf8mb4 COLLATE=utf8mb4_unicode_ci;
/*!40101 SET character_set_client = @saved_cs_client */;

--
-- Dumping data for table `failed_jobs`
--

LOCK TABLES `failed_jobs` WRITE;
/*!40000 ALTER TABLE `failed_jobs` DISABLE KEYS */;
/*!40000 ALTER TABLE `failed_jobs` ENABLE KEYS */;
UNLOCK TABLES;

--
-- Table structure for table `kardex`
--

DROP TABLE IF EXISTS `kardex`;
/*!40101 SET @saved_cs_client     = @@character_set_client */;
/*!40101 SET character_set_client = utf8 */;
CREATE TABLE `kardex` (
  `id` int(11) NOT NULL AUTO_INCREMENT,
  `fecha` datetime DEFAULT NULL,
  `documento` varchar(40) DEFAULT NULL,
  `idarticulo` int(11) DEFAULT NULL,
  `cantidad` float(9,3) DEFAULT NULL,
  `costo` float(9,3) DEFAULT NULL,
  `user` varchar(20) DEFAULT NULL,
  `tipo` int(11) DEFAULT NULL,
  PRIMARY KEY (`id`)
) ENGINE=InnoDB AUTO_INCREMENT=1691 DEFAULT CHARSET=latin1;
/*!40101 SET character_set_client = @saved_cs_client */;

--
-- Dumping data for table `kardex`
--

LOCK TABLES `kardex` WRITE;
/*!40000 ALTER TABLE `kardex` DISABLE KEYS */;
INSERT INTO `kardex` VALUES (1,'2024-07-17 16:14:54','AJUS-1',3,116550.000,0.000,'Administrador',1),(2,'2024-07-17 16:15:42','AJUS-2',4,400.000,1.000,'Administrador',1),(3,'2024-07-17 18:46:04','AJUS-3',4,85.000,1.000,'FRANK',1),(4,'2024-07-17 18:47:05','AJUS-4',4,100.000,0.000,'FRANK',1),(5,'2024-07-17 19:25:54','PRO-1',3,960.000,0.000,'JOSSER',2),(6,'2024-07-17 19:26:41','PRO-1 Parrilla 1 T1',1,0.000,1.000,'JOSSER',1),(7,'2024-07-17 19:26:41','PRO-1 Parrilla 1 T1',2,15.000,1.000,'JOSSER',1),(8,'2024-07-17 19:26:41','PRO-1 Parrilla 1 T1',4,15.000,1.000,'JOSSER',2),(9,'2024-07-17 20:03:03','PRO-2',3,960.000,0.000,'JOSSER',2),(10,'2024-07-17 20:04:54','PRO-2 Parrilla 2 T1',1,23.000,1.000,'JOSSER',1),(11,'2024-07-17 20:04:54','PRO-2 Parrilla 2 T1',2,14.000,1.000,'JOSSER',1),(12,'2024-07-17 20:04:54','PRO-2 Parrilla 2 T1',4,14.000,1.000,'JOSSER',2),(13,'2024-07-17 20:05:21','PRO-3',3,960.000,0.000,'JOSSER',2),(14,'2024-07-17 20:05:44','PRO-3 Parrilla 3 T1',1,0.000,1.000,'JOSSER',1),(15,'2024-07-17 20:05:44','PRO-3 Parrilla 3 T1',2,15.000,1.000,'JOSSER',1),(16,'2024-07-17 20:05:44','PRO-3 Parrilla 3 T1',4,15.000,1.000,'JOSSER',2),(17,'2024-07-17 20:06:46','PRO-4',3,960.000,0.000,'JOSSER',2),(18,'2024-07-17 20:07:18','PRO-4 Parrilla 1 T2',1,20.000,1.000,'JOSSER',1),(19,'2024-07-17 20:07:18','PRO-4 Parrilla 1 T2',2,19.000,1.000,'JOSSER',1),(20,'2024-07-17 20:07:18','PRO-4 Parrilla 1 T2',4,19.000,1.000,'JOSSER',2),(21,'2024-07-17 20:08:44','PRO-5',3,960.000,0.000,'JOSSER',2),(22,'2024-07-17 20:09:15','PRO-5 Parrilla 2 T2',1,9.000,1.000,'JOSSER',1),(23,'2024-07-17 20:09:15','PRO-5 Parrilla 2 T2',2,19.000,1.000,'JOSSER',1),(24,'2024-07-17 20:09:15','PRO-5 Parrilla 2 T2',4,19.000,1.000,'JOSSER',2),(25,'2024-07-17 20:10:24','PRO-6',3,960.000,0.000,'JOSSER',2),(26,'2024-07-17 20:10:48','PRO-6 Parrilla 3 T2',1,0.000,1.000,'JOSSER',1),(27,'2024-07-17 20:10:48','PRO-6 Parrilla 3 T2',2,20.000,1.000,'JOSSER',1),(28,'2024-07-17 20:10:48','PRO-6 Parrilla 3 T2',4,20.000,1.000,'JOSSER',2),(29,'2024-07-17 20:11:39','PRO-7',3,960.000,0.000,'JOSSER',2),(30,'2024-07-17 20:11:59','PRO-7 Parrilla 1 T1',1,0.000,1.000,'JOSSER',1),(31,'2024-07-17 20:11:59','PRO-7 Parrilla 1 T1',2,20.000,1.000,'JOSSER',1),(32,'2024-07-17 20:11:59','PRO-7 Parrilla 1 T1',4,20.000,1.000,'JOSSER',2),(33,'2024-07-17 20:15:43','PRO-8',3,960.000,0.000,'JOSSER',2),(34,'2024-07-17 20:16:35','PRO-8 Parrilla 2 T1',1,17.000,1.000,'JOSSER',1),(35,'2024-07-17 20:16:35','PRO-8 Parrilla 2 T1',2,19.000,1.000,'JOSSER',1),(36,'2024-07-17 20:16:35','PRO-8 Parrilla 2 T1',4,19.000,1.000,'JOSSER',2),(37,'2024-07-17 20:17:20','PRO-9',3,880.000,0.000,'JOSSER',2),(38,'2024-07-17 20:17:55','PRO-9 Parrilla 3 T1',1,20.000,1.000,'JOSSER',1),(39,'2024-07-17 20:17:55','PRO-9 Parrilla 3 T1',2,17.000,1.000,'JOSSER',1),(40,'2024-07-17 20:17:55','PRO-9 Parrilla 3 T1',4,17.000,1.000,'JOSSER',2),(41,'2024-07-17 20:19:12','PRO-10',3,1040.000,0.000,'JOSSER',2),(42,'2024-07-17 20:19:34','PRO-10 Parrilla 1 T2',1,3.000,1.000,'JOSSER',1),(43,'2024-07-17 20:19:34','PRO-10 Parrilla 1 T2',2,22.000,1.000,'JOSSER',1),(44,'2024-07-17 20:19:34','PRO-10 Parrilla 1 T2',4,22.000,1.000,'JOSSER',2),(45,'2024-07-17 20:20:01','PRO-11',3,960.000,0.000,'JOSSER',2),(46,'2024-07-17 20:20:20','PRO-11 Parrilla 2 T2',1,21.000,1.000,'JOSSER',1),(47,'2024-07-17 20:20:20','PRO-11 Parrilla 2 T2',2,19.000,1.000,'JOSSER',1),(48,'2024-07-17 20:20:20','PRO-11 Parrilla 2 T2',4,19.000,1.000,'JOSSER',2),(49,'2024-07-17 20:21:08','PRO-12',3,960.000,0.000,'JOSSER',2),(50,'2024-07-17 20:21:33','PRO-12 Parrilla 3 T2',1,4.000,1.000,'JOSSER',1),(51,'2024-07-17 20:21:33','PRO-12 Parrilla 3 T2',2,20.000,1.000,'JOSSER',1),(52,'2024-07-17 20:21:33','PRO-12 Parrilla 3 T2',4,20.000,1.000,'JOSSER',2),(53,'2024-07-17 20:21:50','PRO-13',3,880.000,0.000,'JOSSER',2),(54,'2024-07-17 20:23:12','PRO-13 Parrilla 1 T1',1,17.000,1.000,'JOSSER',1),(55,'2024-07-17 20:23:12','PRO-13 Parrilla 1 T1',2,18.000,1.000,'JOSSER',1),(56,'2024-07-17 20:23:12','PRO-13 Parrilla 1 T1',4,18.000,1.000,'JOSSER',2),(57,'2024-07-17 20:23:37','PRO-14',3,880.000,0.000,'JOSSER',2),(58,'2024-07-17 20:24:02','PRO-14 Parrilla 2 T1',1,9.000,1.000,'JOSSER',1),(59,'2024-07-17 20:24:02','PRO-14 Parrilla 2 T1',2,16.000,1.000,'JOSSER',1),(60,'2024-07-17 20:24:02','PRO-14 Parrilla 2 T1',4,16.000,1.000,'JOSSER',2),(61,'2024-07-17 20:25:09','PRO-15',3,880.000,0.000,'JOSSER',2),(62,'2024-07-17 20:25:53','PRO-15 Parrilla 3 T1',1,20.000,1.000,'JOSSER',1),(63,'2024-07-17 20:25:53','PRO-15 Parrilla 3 T1',2,17.000,1.000,'JOSSER',1),(64,'2024-07-17 20:25:53','PRO-15 Parrilla 3 T1',4,17.000,1.000,'JOSSER',2),(65,'2024-07-17 20:27:05','PRO-16',3,1120.000,0.000,'JOSSER',2),(66,'2024-07-17 20:27:27','PRO-16 Parrilla 1 T2',1,17.000,1.000,'JOSSER',1),(67,'2024-07-17 20:27:27','PRO-16 Parrilla 1 T2',2,23.000,1.000,'JOSSER',1),(68,'2024-07-17 20:27:27','PRO-16 Parrilla 1 T2',4,23.000,1.000,'JOSSER',2),(69,'2024-07-17 20:34:26','PRO-17',3,1040.000,0.000,'JOSSER',2),(70,'2024-07-17 20:34:55','PRO-17 Parrilla 2 T2',1,21.000,1.000,'JOSSER',1),(71,'2024-07-17 20:34:55','PRO-17 Parrilla 2 T2',2,22.000,1.000,'JOSSER',1),(72,'2024-07-17 20:34:55','PRO-17 Parrilla 2 T2',4,22.000,1.000,'JOSSER',2),(73,'2024-07-17 20:38:24','PRO-18',3,1040.000,0.000,'JOSSER',2),(74,'2024-07-17 20:43:46','PRO-18 Parrilla 3 T2',1,20.000,1.000,'JOSSER',1),(75,'2024-07-17 20:43:46','PRO-18 Parrilla 3 T2',2,21.000,1.000,'JOSSER',1),(76,'2024-07-17 20:43:46','PRO-18 Parrilla 3 T2',4,21.000,1.000,'JOSSER',2),(77,'2024-07-18 20:26:49','AJUS-5',4,265.000,0.000,'FRANK',1),(78,'2024-07-18 21:06:30','PRO-19',3,960.000,0.000,'JOSSER',2),(79,'2024-07-18 21:07:39','PRO-19 Parrilla 1 T1',1,21.000,1.000,'JOSSER',1),(80,'2024-07-18 21:07:39','PRO-19 Parrilla 1 T1',2,19.000,1.000,'JOSSER',1),(81,'2024-07-18 21:07:39','PRO-19 Parrilla 1 T1',4,19.000,1.000,'JOSSER',2),(82,'2024-07-18 21:08:08','PRO-20',3,960.000,0.000,'JOSSER',2),(83,'2024-07-18 21:08:23','PRO-20 Parrilla 2 T1',1,7.000,1.000,'JOSSER',1),(84,'2024-07-18 21:08:23','PRO-20 Parrilla 2 T1',2,19.000,1.000,'JOSSER',1),(85,'2024-07-18 21:08:23','PRO-20 Parrilla 2 T1',4,19.000,1.000,'JOSSER',2),(86,'2024-07-18 21:08:54','PRO-21',3,960.000,0.000,'JOSSER',2),(87,'2024-07-18 21:09:20','PRO-21 Parrilla 3 T1',1,22.000,1.000,'JOSSER',1),(88,'2024-07-18 21:09:20','PRO-21 Parrilla 3 T1',2,19.000,1.000,'JOSSER',1),(89,'2024-07-18 21:09:20','PRO-21 Parrilla 3 T1',4,19.000,1.000,'JOSSER',2),(90,'2024-07-18 00:00:00','PasoTobo-',1,264.000,1.000,'JOSSER',2),(91,'2024-07-18 00:00:00','PasoTobo-',2,11.000,1.000,'JOSSER',1),(92,'2024-07-18 21:14:23','PasoTobo-',4,11.000,1.000,'JOSSER',2),(93,'2024-07-19 09:34:13','AJUS-6',2,1528.000,0.000,'FRANK',1),(94,'2024-07-19 09:36:08','AJUS-7',2,99.000,0.000,'FRANK',1),(95,'2024-07-19 09:40:25','AJUS-8',2,2000.000,0.000,'FRANK',1),(96,'2024-07-19 09:44:10','FAC-1',2,2000.000,0.000,'FRANK',2),(97,'2024-07-19 09:44:40','CONTROL-2',4,200.000,0.000,'FRANK',1),(98,'2024-07-19 10:35:01','PRO-22',3,1040.000,0.000,'JOSSER',2),(99,'2024-07-19 10:35:27','PRO-22 Parrilla 1 T2',1,11.000,1.000,'JOSSER',1),(100,'2024-07-19 10:35:27','PRO-22 Parrilla 1 T2',2,21.000,1.000,'JOSSER',1),(101,'2024-07-19 10:35:27','PRO-22 Parrilla 1 T2',4,21.000,1.000,'JOSSER',2),(102,'2024-07-19 10:35:58','PRO-23',3,960.000,0.000,'JOSSER',2),(103,'2024-07-19 10:36:22','PRO-23 Parrilla 2 T2',1,20.000,1.000,'JOSSER',1),(104,'2024-07-19 10:36:22','PRO-23 Parrilla 2 T2',2,18.000,1.000,'JOSSER',1),(105,'2024-07-19 10:36:22','PRO-23 Parrilla 2 T2',4,18.000,1.000,'JOSSER',2),(106,'2024-07-19 10:36:51','PRO-24',3,960.000,0.000,'JOSSER',2),(107,'2024-07-19 10:37:08','PRO-24 Parrilla 3 T2',1,0.000,1.000,'JOSSER',1),(108,'2024-07-19 10:37:08','PRO-24 Parrilla 3 T2',2,20.000,1.000,'JOSSER',1),(109,'2024-07-19 10:37:08','PRO-24 Parrilla 3 T2',4,20.000,1.000,'JOSSER',2),(110,'2024-07-19 10:45:13','AJUS-9',4,345.000,0.000,'FRANK',1),(111,'2024-07-19 11:17:57','PRO-25',3,960.000,0.000,'JOSSER',2),(112,'2024-07-19 11:18:18','PRO-25 Parrilla 1 T1',1,0.000,1.000,'JOSSER',1),(113,'2024-07-19 11:18:18','PRO-25 Parrilla 1 T1',2,20.000,1.000,'JOSSER',1),(114,'2024-07-19 11:18:18','PRO-25 Parrilla 1 T1',4,20.000,1.000,'JOSSER',2),(115,'2024-07-19 11:18:34','PRO-26',3,960.000,0.000,'JOSSER',2),(116,'2024-07-19 11:18:49','PRO-26 Parrilla 2 T1',1,20.000,1.000,'JOSSER',1),(117,'2024-07-19 11:18:49','PRO-26 Parrilla 2 T1',2,19.000,1.000,'JOSSER',1),(118,'2024-07-19 11:18:49','PRO-26 Parrilla 2 T1',4,19.000,1.000,'JOSSER',2),(119,'2024-07-19 11:19:12','PRO-27',3,960.000,0.000,'JOSSER',2),(120,'2024-07-19 11:19:28','PRO-27 Parrilla 3 T1',1,5.000,1.000,'JOSSER',1),(121,'2024-07-19 11:19:28','PRO-27 Parrilla 3 T1',2,20.000,1.000,'JOSSER',1),(122,'2024-07-19 11:19:28','PRO-27 Parrilla 3 T1',4,20.000,1.000,'JOSSER',2),(123,'2024-07-19 00:00:00','PasoTobo-',1,48.000,1.000,'JOSSER',2),(124,'2024-07-19 00:00:00','PasoTobo-',2,2.000,0.000,'JOSSER',1),(125,'2024-07-19 11:21:31','PasoTobo-',4,2.000,1.000,'JOSSER',2),(126,'2024-07-19 11:45:08','AJUS-10',1,3.000,1.000,'FRANK',2),(127,'2024-07-19 17:35:54','PRO-28',3,960.000,0.000,'JOSSER',2),(128,'2024-07-19 17:36:20','PRO-28 Parrilla 1 T2',1,0.000,1.000,'JOSSER',1),(129,'2024-07-19 17:36:20','PRO-28 Parrilla 1 T2',2,18.000,1.000,'JOSSER',1),(130,'2024-07-19 17:36:20','PRO-28 Parrilla 1 T2',4,18.000,1.000,'JOSSER',2),(131,'2024-07-19 17:36:48','PRO-29',3,880.000,0.000,'JOSSER',2),(132,'2024-07-19 17:37:12','PRO-29 Parrilla 2 T2',1,1.000,1.000,'JOSSER',1),(133,'2024-07-19 17:37:12','PRO-29 Parrilla 2 T2',2,16.000,1.000,'JOSSER',1),(134,'2024-07-19 17:37:12','PRO-29 Parrilla 2 T2',4,16.000,1.000,'JOSSER',2),(135,'2024-07-19 17:37:40','PRO-30',3,880.000,0.000,'JOSSER',2),(136,'2024-07-19 17:38:06','PRO-30 Parrilla 3 T2',1,14.000,1.000,'JOSSER',1),(137,'2024-07-19 17:38:06','PRO-30 Parrilla 3 T2',2,16.000,1.000,'JOSSER',1),(138,'2024-07-19 17:38:06','PRO-30 Parrilla 3 T2',4,16.000,1.000,'JOSSER',2),(139,'2024-07-23 10:23:54','PRO-31',3,880.000,0.000,'JOSSER',2),(140,'2024-07-23 10:24:16','PRO-31 Parrilla 1 T1',1,4.000,1.000,'JOSSER',1),(141,'2024-07-23 10:24:16','PRO-31 Parrilla 1 T1',2,18.000,1.000,'JOSSER',1),(142,'2024-07-23 10:24:16','PRO-31 Parrilla 1 T1',4,18.000,1.000,'JOSSER',2),(143,'2024-07-23 10:24:41','PRO-32',3,880.000,0.000,'JOSSER',2),(144,'2024-07-23 10:25:06','PRO-32 Parrilla 3 T1',1,16.000,1.000,'JOSSER',1),(145,'2024-07-23 10:25:06','PRO-32 Parrilla 3 T1',2,19.000,1.000,'JOSSER',1),(146,'2024-07-23 10:25:06','PRO-32 Parrilla 3 T1',4,19.000,1.000,'JOSSER',2),(147,'2024-07-23 10:25:49','PRO-33',3,880.000,0.000,'JOSSER',2),(148,'2024-07-23 10:26:17','PRO-33 Parrilla 1 T2',1,12.000,1.000,'JOSSER',1),(149,'2024-07-23 10:26:17','PRO-33 Parrilla 1 T2',2,18.000,1.000,'JOSSER',1),(150,'2024-07-23 10:26:17','PRO-33 Parrilla 1 T2',4,18.000,1.000,'JOSSER',2),(151,'2024-07-23 10:27:34','PRO-34',3,960.000,0.000,'JOSSER',2),(152,'2024-07-23 10:27:58','PRO-34 Parrilla 3 T2',1,8.000,1.000,'JOSSER',1),(153,'2024-07-23 10:27:58','PRO-34 Parrilla 3 T2',2,19.000,1.000,'JOSSER',1),(154,'2024-07-23 10:27:58','PRO-34 Parrilla 3 T2',4,19.000,1.000,'JOSSER',2),(155,'2024-07-23 10:28:26','PRO-35',3,960.000,0.000,'JOSSER',2),(156,'2024-07-23 10:29:06','PRO-35 Parrilla 1 T1',1,16.000,1.000,'JOSSER',1),(157,'2024-07-23 10:29:06','PRO-35 Parrilla 1 T1',2,21.000,1.000,'JOSSER',1),(158,'2024-07-23 10:29:06','PRO-35 Parrilla 1 T1',4,21.000,1.000,'JOSSER',2),(159,'2024-07-23 10:29:43','PRO-36',3,1120.000,0.000,'JOSSER',2),(160,'2024-07-23 10:30:01','PRO-36 Parrilla 2 T1',1,18.000,1.000,'JOSSER',1),(161,'2024-07-23 10:30:02','PRO-36 Parrilla 2 T1',2,23.000,1.000,'JOSSER',1),(162,'2024-07-23 10:30:02','PRO-36 Parrilla 2 T1',4,23.000,1.000,'JOSSER',2),(163,'2024-07-23 10:30:32','PRO-37',3,960.000,0.000,'JOSSER',2),(164,'2024-07-23 10:30:47','PRO-37 Parrilla 3 T1',1,16.000,1.000,'JOSSER',1),(165,'2024-07-23 10:30:47','PRO-37 Parrilla 3 T1',2,19.000,1.000,'JOSSER',1),(166,'2024-07-23 10:30:47','PRO-37 Parrilla 3 T1',4,19.000,1.000,'JOSSER',2),(167,'2024-07-23 00:00:00','PasoTobo-',1,96.000,1.000,'JOSSER',2),(168,'2024-07-23 00:00:00','PasoTobo-',2,4.000,0.000,'JOSSER',1),(169,'2024-07-23 16:21:56','PasoTobo-',4,4.000,1.000,'JOSSER',2),(170,'2024-07-25 14:30:29','PRO-38',3,960.000,0.000,'JOSSER',2),(171,'2024-07-25 14:31:31','PRO-38 Parrilla 1 T2',1,18.000,1.000,'JOSSER',1),(172,'2024-07-25 14:31:31','PRO-38 Parrilla 1 T2',2,19.000,1.000,'JOSSER',1),(173,'2024-07-25 14:31:31','PRO-38 Parrilla 1 T2',4,19.000,1.000,'JOSSER',2),(174,'2024-07-25 14:31:48','PRO-39',3,960.000,0.000,'JOSSER',2),(175,'2024-07-25 14:32:27','PRO-40',3,960.000,0.000,'JOSSER',2),(176,'2024-07-25 14:32:43','PRO-39 Parrilla 2 T2',1,18.000,1.000,'JOSSER',1),(177,'2024-07-25 14:32:43','PRO-39 Parrilla 2 T2',2,19.000,1.000,'JOSSER',1),(178,'2024-07-25 14:32:43','PRO-39 Parrilla 2 T2',4,19.000,1.000,'JOSSER',2),(179,'2024-07-25 14:33:01','PRO-40 Parrilla 3 T2',1,15.000,1.000,'JOSSER',1),(180,'2024-07-25 14:33:01','PRO-40 Parrilla 3 T2',2,20.000,1.000,'JOSSER',1),(181,'2024-07-25 14:33:01','PRO-40 Parrilla 3 T2',4,20.000,1.000,'JOSSER',2),(182,'2024-07-25 14:33:28','PRO-41',3,960.000,0.000,'JOSSER',2),(183,'2024-07-25 14:33:49','PRO-42',3,880.000,0.000,'JOSSER',2),(184,'2024-07-25 14:34:13','PRO-43',3,960.000,0.000,'JOSSER',2),(185,'2024-07-25 14:34:32','PRO-41 Parrilla 1 T1',1,18.000,1.000,'JOSSER',1),(186,'2024-07-25 14:34:32','PRO-41 Parrilla 1 T1',2,20.000,1.000,'JOSSER',1),(187,'2024-07-25 14:34:32','PRO-41 Parrilla 1 T1',4,20.000,1.000,'JOSSER',2),(188,'2024-07-25 14:34:57','PRO-42 Parrilla 2 T1',1,5.000,1.000,'JOSSER',1),(189,'2024-07-25 14:34:57','PRO-42 Parrilla 2 T1',2,17.000,1.000,'JOSSER',1),(190,'2024-07-25 14:34:57','PRO-42 Parrilla 2 T1',4,17.000,1.000,'JOSSER',2),(191,'2024-07-25 14:35:20','PRO-43 Parrilla 3 T2',1,10.000,1.000,'JOSSER',1),(192,'2024-07-25 14:35:20','PRO-43 Parrilla 3 T2',2,20.000,1.000,'JOSSER',1),(193,'2024-07-25 14:35:20','PRO-43 Parrilla 3 T2',4,20.000,1.000,'JOSSER',2),(194,'2024-07-25 14:35:42','PRO-44',3,960.000,0.000,'JOSSER',2),(195,'2024-07-25 14:36:25','PRO-45',3,960.000,0.000,'JOSSER',2),(196,'2024-07-25 14:37:32','PRO-44 Parrilla 1 T2',1,10.000,1.000,'JOSSER',1),(197,'2024-07-25 14:37:32','PRO-44 Parrilla 1 T2',2,20.000,1.000,'JOSSER',1),(198,'2024-07-25 14:37:32','PRO-44 Parrilla 1 T2',4,20.000,1.000,'JOSSER',2),(199,'2024-07-25 14:37:50','PRO-45 Parrilla 2 T2',1,5.000,1.000,'JOSSER',1),(200,'2024-07-25 14:37:50','PRO-45 Parrilla 2 T2',2,20.000,1.000,'JOSSER',1),(201,'2024-07-25 14:37:50','PRO-45 Parrilla 2 T2',4,20.000,1.000,'JOSSER',2),(202,'2024-07-25 14:38:17','PRO-46',3,960.000,0.000,'JOSSER',2),(203,'2024-07-25 14:38:41','PRO-46 Parrilla 3 T2',1,10.000,1.000,'JOSSER',1),(204,'2024-07-25 14:38:41','PRO-46 Parrilla 3 T2',2,20.000,1.000,'JOSSER',1),(205,'2024-07-25 14:38:41','PRO-46 Parrilla 3 T2',4,20.000,1.000,'JOSSER',2),(206,'2024-07-25 14:39:01','PRO-47',3,960.000,0.000,'JOSSER',2),(207,'2024-07-25 14:39:22','PRO-47 Parrilla 1 T1',1,10.000,1.000,'JOSSER',1),(208,'2024-07-25 14:39:22','PRO-47 Parrilla 1 T1',2,20.000,1.000,'JOSSER',1),(209,'2024-07-25 14:39:22','PRO-47 Parrilla 1 T1',4,20.000,1.000,'JOSSER',2),(210,'2024-07-25 14:39:40','PRO-48',3,960.000,0.000,'JOSSER',2),(211,'2024-07-25 14:40:05','PRO-49',3,960.000,0.000,'JOSSER',2),(212,'2024-07-25 14:40:52','PRO-48 Parrilla 2 T1',1,10.000,1.000,'JOSSER',1),(213,'2024-07-25 14:40:52','PRO-48 Parrilla 2 T1',2,20.000,1.000,'JOSSER',1),(214,'2024-07-25 14:40:52','PRO-48 Parrilla 2 T1',4,20.000,1.000,'JOSSER',2),(215,'2024-07-25 14:41:04','PRO-49 Parrilla 3 T1',1,12.000,1.000,'JOSSER',1),(216,'2024-07-25 14:41:04','PRO-49 Parrilla 3 T1',2,20.000,1.000,'JOSSER',1),(217,'2024-07-25 14:41:04','PRO-49 Parrilla 3 T1',4,20.000,1.000,'JOSSER',2),(218,'2024-07-25 17:39:30','PRO-50',3,800.000,0.000,'JOSSER',2),(219,'2024-07-25 17:39:46','PRO-50 Parrilla 1 T2',1,18.000,1.000,'JOSSER',1),(220,'2024-07-25 17:39:46','PRO-50 Parrilla 1 T2',2,20.000,1.000,'JOSSER',1),(221,'2024-07-25 17:39:46','PRO-50 Parrilla 1 T2',4,20.000,1.000,'JOSSER',2),(222,'2024-07-25 17:41:06','PRO-51',3,800.000,0.000,'JOSSER',2),(223,'2024-07-25 17:41:41','PRO-51 Parrilla 2 T2',1,8.000,1.000,'JOSSER',1),(224,'2024-07-25 17:41:41','PRO-51 Parrilla 2 T2',2,20.000,1.000,'JOSSER',1),(225,'2024-07-25 17:41:41','PRO-51 Parrilla 2 T2',4,20.000,1.000,'JOSSER',2),(226,'2024-07-25 17:43:19','PRO-52',3,800.000,0.000,'JOSSER',2),(227,'2024-07-25 17:43:51','PRO-52 Parrilla 3 T2',1,13.000,1.000,'JOSSER',1),(228,'2024-07-25 17:43:51','PRO-52 Parrilla 3 T2',2,20.000,1.000,'JOSSER',1),(229,'2024-07-25 17:43:51','PRO-52 Parrilla 3 T2',4,20.000,1.000,'JOSSER',2),(230,'2024-07-25 00:00:00','PasoTobo-',1,192.000,1.000,'JOSSER',2),(231,'2024-07-25 00:00:00','PasoTobo-',2,8.000,0.000,'JOSSER',1),(232,'2024-07-25 17:45:40','PasoTobo-',4,8.000,1.000,'JOSSER',2),(233,'2024-07-25 17:52:08','PRO-53',3,0.000,0.000,'FRANK',2),(234,'2024-07-25 17:52:25','PRO-53 Parrilla 2 T1',1,0.000,1.000,'FRANK',1),(235,'2024-07-25 17:52:25','PRO-53 Parrilla 2 T1',2,2.000,1.000,'FRANK',1),(236,'2024-07-25 17:52:25','PRO-53 Parrilla 2 T1',4,2.000,1.000,'FRANK',2),(237,'2024-08-08 10:12:16','FAC-2',2,99.000,0.000,'FRANK',2),(238,'2024-08-13 13:23:21','AJUS-11',4,190.000,0.000,'FRANK',1),(239,'2024-08-13 17:57:58','PRO-54',3,960.000,0.000,'JOSSER',2),(240,'2024-08-13 17:59:16','PRO-54 Parrilla 1 T1',1,7.000,1.000,'JOSSER',1),(241,'2024-08-13 17:59:16','PRO-54 Parrilla 1 T1',2,13.000,1.000,'JOSSER',1),(242,'2024-08-13 17:59:16','PRO-54 Parrilla 1 T1',4,13.000,1.000,'JOSSER',2),(243,'2024-08-13 17:59:50','PRO-55',3,480.000,0.000,'JOSSER',2),(244,'2024-08-13 18:00:12','PRO-55 Parrilla 2 T1',1,3.000,1.000,'JOSSER',1),(245,'2024-08-13 18:00:12','PRO-55 Parrilla 2 T1',2,4.000,1.000,'JOSSER',1),(246,'2024-08-13 18:00:12','PRO-55 Parrilla 2 T1',4,4.000,1.000,'JOSSER',2),(247,'2024-08-13 18:00:40','PRO-56',3,800.000,0.000,'JOSSER',2),(248,'2024-08-13 18:01:21','PRO-56 Parrilla 3 T1',1,10.000,1.000,'JOSSER',1),(249,'2024-08-13 18:01:21','PRO-56 Parrilla 3 T1',2,12.000,1.000,'JOSSER',1),(250,'2024-08-13 18:01:21','PRO-56 Parrilla 3 T1',4,12.000,1.000,'JOSSER',2),(251,'2024-08-14 18:07:33','PRO-57',3,800.000,0.000,'JOSSER',2),(252,'2024-08-14 18:08:12','PRO-57 Parrilla 2 T2',1,3.000,1.000,'JOSSER',1),(253,'2024-08-14 18:08:12','PRO-57 Parrilla 2 T2',2,17.000,1.000,'JOSSER',1),(254,'2024-08-14 18:08:12','PRO-57 Parrilla 2 T2',4,17.000,1.000,'JOSSER',2),(255,'2024-08-14 18:08:47','PRO-58',3,880.000,0.000,'JOSSER',2),(256,'2024-08-14 18:09:07','PRO-58 Parrilla 3 T2',1,13.000,1.000,'JOSSER',1),(257,'2024-08-14 18:09:07','PRO-58 Parrilla 3 T2',2,18.000,1.000,'JOSSER',1),(258,'2024-08-14 18:09:07','PRO-58 Parrilla 3 T2',4,18.000,1.000,'JOSSER',2),(259,'2024-08-14 18:09:31','PRO-59',3,800.000,0.000,'JOSSER',2),(260,'2024-08-14 18:09:55','PRO-59 Parrilla 2 T1',1,4.000,1.000,'JOSSER',1),(261,'2024-08-14 18:09:55','PRO-59 Parrilla 2 T1',2,16.000,1.000,'JOSSER',1),(262,'2024-08-14 18:09:55','PRO-59 Parrilla 2 T1',4,16.000,1.000,'JOSSER',2),(263,'2024-08-14 18:10:42','PRO-60',3,960.000,0.000,'JOSSER',2),(264,'2024-08-14 18:11:28','PRO-60 Parrilla 3 T1',1,14.000,1.000,'JOSSER',1),(265,'2024-08-14 18:11:28','PRO-60 Parrilla 3 T1',2,17.000,1.000,'JOSSER',1),(266,'2024-08-14 18:11:28','PRO-60 Parrilla 3 T1',4,17.000,1.000,'JOSSER',2),(267,'2024-08-15 10:05:52','AJUS-12',3,6573.000,0.000,'FRANK',1),(268,'2024-08-15 15:31:17','PRO-61',3,960.000,0.000,'JOSSER',2),(269,'2024-08-15 15:31:59','PRO-61 Parrilla 1 T1',1,3.000,1.000,'JOSSER',1),(270,'2024-08-15 15:31:59','PRO-61 Parrilla 1 T1',2,18.000,1.000,'JOSSER',1),(271,'2024-08-15 15:31:59','PRO-61 Parrilla 1 T1',4,18.000,1.000,'JOSSER',2),(272,'2024-08-15 15:32:38','PRO-62',3,880.000,0.000,'JOSSER',2),(273,'2024-08-15 15:33:02','PRO-63',3,880.000,0.000,'JOSSER',2),(274,'2024-08-15 15:33:59','PRO-62 Parrilla 2 T2',1,17.000,1.000,'JOSSER',1),(275,'2024-08-15 15:33:59','PRO-62 Parrilla 2 T2',2,16.000,1.000,'JOSSER',1),(276,'2024-08-15 15:33:59','PRO-62 Parrilla 2 T2',4,16.000,1.000,'JOSSER',2),(277,'2024-08-15 15:34:30','PRO-63 Parrilla 3 T2',1,0.000,1.000,'JOSSER',1),(278,'2024-08-15 15:34:30','PRO-63 Parrilla 3 T2',2,18.000,1.000,'JOSSER',1),(279,'2024-08-15 15:34:30','PRO-63 Parrilla 3 T2',4,18.000,1.000,'JOSSER',2),(280,'2024-08-16 00:00:00','PasoTobo-',1,72.000,1.000,'FRANK',2),(281,'2024-08-16 00:00:00','PasoTobo-',2,3.000,0.000,'FRANK',1),(282,'2024-08-16 08:21:03','PasoTobo-',4,3.000,1.000,'FRANK',2),(283,'2024-08-21 19:34:39','PRO-64',3,960.000,0.000,'JOSSER',2),(284,'2024-08-21 19:36:21','PRO-65',3,880.000,0.000,'JOSSER',2),(285,'2024-08-21 19:36:43','PRO-64 Parrilla 2 T1',1,18.000,1.000,'JOSSER',1),(286,'2024-08-21 19:36:43','PRO-64 Parrilla 2 T1',2,18.000,1.000,'JOSSER',1),(287,'2024-08-21 19:36:43','PRO-64 Parrilla 2 T1',4,18.000,1.000,'JOSSER',2),(288,'2024-08-21 19:39:10','PRO-65 Parrilla 3 T1',1,0.000,1.000,'JOSSER',1),(289,'2024-08-21 19:39:10','PRO-65 Parrilla 3 T1',2,17.000,1.000,'JOSSER',1),(290,'2024-08-21 19:39:10','PRO-65 Parrilla 3 T1',4,17.000,1.000,'JOSSER',2),(291,'2024-08-21 19:39:45','PRO-66',3,960.000,0.000,'JOSSER',2),(292,'2024-08-21 19:40:22','PRO-67',3,880.000,0.000,'JOSSER',2),(293,'2024-08-21 19:41:13','PRO-68',3,880.000,0.000,'JOSSER',2),(294,'2024-08-21 19:41:45','PRO-66 Parrilla 1 T1',1,16.000,1.000,'JOSSER',1),(295,'2024-08-21 19:41:45','PRO-66 Parrilla 1 T1',2,18.000,1.000,'JOSSER',1),(296,'2024-08-21 19:41:45','PRO-66 Parrilla 1 T1',4,18.000,1.000,'JOSSER',2),(297,'2024-08-21 19:42:22','PRO-67 Parrilla 2 T2',1,23.000,1.000,'JOSSER',1),(298,'2024-08-21 19:42:22','PRO-67 Parrilla 2 T2',2,16.000,1.000,'JOSSER',1),(299,'2024-08-21 19:42:22','PRO-67 Parrilla 2 T2',4,16.000,1.000,'JOSSER',2),(300,'2024-08-21 19:42:47','PRO-68 Parrilla 3 T2',1,5.000,1.000,'JOSSER',1),(301,'2024-08-21 19:42:47','PRO-68 Parrilla 3 T2',2,17.000,1.000,'JOSSER',1),(302,'2024-08-21 19:42:47','PRO-68 Parrilla 3 T2',4,17.000,1.000,'JOSSER',2),(303,'2024-08-21 19:43:17','PRO-69',3,880.000,0.000,'JOSSER',2),(304,'2024-08-21 19:43:38','PRO-70',3,880.000,0.000,'JOSSER',2),(305,'2024-08-21 19:44:29','PRO-69 Parrilla 2 T1',1,16.000,1.000,'JOSSER',1),(306,'2024-08-21 19:44:29','PRO-69 Parrilla 2 T1',2,18.000,1.000,'JOSSER',1),(307,'2024-08-21 19:44:29','PRO-69 Parrilla 2 T1',4,18.000,1.000,'JOSSER',2),(308,'2024-08-21 19:44:51','PRO-70 Parrilla 3 T1',1,19.000,1.000,'JOSSER',1),(309,'2024-08-21 19:44:51','PRO-70 Parrilla 3 T1',2,15.000,1.000,'JOSSER',1),(310,'2024-08-21 19:44:51','PRO-70 Parrilla 3 T1',4,15.000,1.000,'JOSSER',2),(311,'2024-08-21 19:45:22','PRO-71',3,960.000,0.000,'JOSSER',2),(312,'2024-08-21 19:45:52','PRO-72',3,960.000,0.000,'JOSSER',2),(313,'2024-08-21 19:46:10','PRO-73',3,960.000,0.000,'JOSSER',2),(314,'2024-08-21 19:46:36','PRO-71 Parrilla 1 T1',1,8.000,1.000,'JOSSER',1),(315,'2024-08-21 19:46:36','PRO-71 Parrilla 1 T1',2,19.000,1.000,'JOSSER',1),(316,'2024-08-21 19:46:36','PRO-71 Parrilla 1 T1',4,19.000,1.000,'JOSSER',2),(317,'2024-08-21 19:46:56','PRO-72 Parrilla 2 T2',1,0.000,1.000,'JOSSER',1),(318,'2024-08-21 19:46:56','PRO-72 Parrilla 2 T2',2,16.000,1.000,'JOSSER',1),(319,'2024-08-21 19:46:56','PRO-72 Parrilla 2 T2',4,16.000,1.000,'JOSSER',2),(320,'2024-08-21 19:47:14','PRO-73 Parrilla 3 T2',1,0.000,1.000,'JOSSER',1),(321,'2024-08-21 19:47:14','PRO-73 Parrilla 3 T2',2,19.000,1.000,'JOSSER',1),(322,'2024-08-21 19:47:14','PRO-73 Parrilla 3 T2',4,19.000,1.000,'JOSSER',2),(323,'2024-08-22 00:00:00','PasoTobo-',1,96.000,1.000,'JOSSER',2),(324,'2024-08-22 00:00:00','PasoTobo-',2,4.000,0.000,'JOSSER',1),(325,'2024-08-22 09:18:53','PasoTobo-',4,4.000,1.000,'JOSSER',2),(326,'2024-08-22 10:08:59','FAC-3',2,152.000,0.000,'FRANK',2),(327,'2024-08-22 20:50:32','PRO-74',3,960.000,0.000,'JOSSER',2),(328,'2024-08-22 20:50:50','PRO-75',3,960.000,0.000,'JOSSER',2),(329,'2024-08-22 20:51:13','PRO-76',3,960.000,0.000,'JOSSER',2),(330,'2024-08-22 20:51:29','PRO-74 Parrilla 1 T1',1,0.000,1.000,'JOSSER',1),(331,'2024-08-22 20:51:29','PRO-74 Parrilla 1 T1',2,19.000,1.000,'JOSSER',1),(332,'2024-08-22 20:51:30','PRO-74 Parrilla 1 T1',4,19.000,1.000,'JOSSER',2),(333,'2024-08-22 20:51:52','PRO-75 Parrilla 2 T1',1,7.000,1.000,'JOSSER',1),(334,'2024-08-22 20:51:52','PRO-75 Parrilla 2 T1',2,18.000,1.000,'JOSSER',1),(335,'2024-08-22 20:51:52','PRO-75 Parrilla 2 T1',4,18.000,1.000,'JOSSER',2),(336,'2024-08-22 20:52:10','PRO-76 Parrilla 3 T1',1,20.000,1.000,'JOSSER',1),(337,'2024-08-22 20:52:10','PRO-76 Parrilla 3 T1',2,18.000,1.000,'JOSSER',1),(338,'2024-08-22 20:52:10','PRO-76 Parrilla 3 T1',4,18.000,1.000,'JOSSER',2),(339,'2024-08-23 23:11:23','PRO-77',3,960.000,0.000,'JOSSER',2),(340,'2024-08-23 23:11:39','PRO-78',3,960.000,0.000,'JOSSER',2),(341,'2024-08-23 23:11:55','PRO-79',3,960.000,0.000,'JOSSER',2),(342,'2024-08-23 23:12:20','PRO-77 Parrilla 1 T1',1,0.000,1.000,'JOSSER',1),(343,'2024-08-23 23:12:20','PRO-77 Parrilla 1 T1',2,19.000,1.000,'JOSSER',1),(344,'2024-08-23 23:12:20','PRO-77 Parrilla 1 T1',4,19.000,1.000,'JOSSER',2),(345,'2024-08-23 23:12:59','PRO-78 Parrilla 2 T2',1,13.000,1.000,'JOSSER',1),(346,'2024-08-23 23:12:59','PRO-78 Parrilla 2 T2',2,18.000,1.000,'JOSSER',1),(347,'2024-08-23 23:12:59','PRO-78 Parrilla 2 T2',4,18.000,1.000,'JOSSER',2),(348,'2024-08-23 23:13:25','PRO-79 Parrilla 3 T2',1,16.000,1.000,'JOSSER',1),(349,'2024-08-23 23:13:25','PRO-79 Parrilla 3 T2',2,17.000,1.000,'JOSSER',1),(350,'2024-08-23 23:13:25','PRO-79 Parrilla 3 T2',4,17.000,1.000,'JOSSER',2),(351,'2024-08-26 18:48:54','PRO-80',3,960.000,0.000,'JOSSER',2),(352,'2024-08-26 18:49:19','PRO-81',3,880.000,0.000,'JOSSER',2),(353,'2024-08-26 18:49:42','PRO-82',3,960.000,0.000,'JOSSER',2),(354,'2024-08-26 18:49:56','PRO-83',3,960.000,0.000,'JOSSER',2),(355,'2024-08-26 18:50:25','PRO-84',3,960.000,0.000,'JOSSER',2),(356,'2024-08-26 18:50:42','PRO-80 Parrilla 1 T1',1,5.000,1.000,'JOSSER',1),(357,'2024-08-26 18:50:42','PRO-80 Parrilla 1 T1',2,19.000,1.000,'JOSSER',1),(358,'2024-08-26 18:50:42','PRO-80 Parrilla 1 T1',4,19.000,1.000,'JOSSER',2),(359,'2024-08-26 18:51:02','PRO-81 Parrilla 2 T1',1,23.000,1.000,'JOSSER',1),(360,'2024-08-26 18:51:02','PRO-81 Parrilla 2 T1',2,18.000,1.000,'JOSSER',1),(361,'2024-08-26 18:51:02','PRO-81 Parrilla 2 T1',4,18.000,1.000,'JOSSER',2),(362,'2024-08-26 18:51:49','PRO-82 Parrilla 3 T1',1,19.000,1.000,'JOSSER',1),(363,'2024-08-26 18:51:49','PRO-82 Parrilla 3 T1',2,20.000,1.000,'JOSSER',1),(364,'2024-08-26 18:51:50','PRO-82 Parrilla 3 T1',4,20.000,1.000,'JOSSER',2),(365,'2024-08-26 18:52:06','PRO-83 Parrilla 2 T2',1,10.000,1.000,'JOSSER',1),(366,'2024-08-26 18:52:06','PRO-83 Parrilla 2 T2',2,19.000,1.000,'JOSSER',1),(367,'2024-08-26 18:52:07','PRO-83 Parrilla 2 T2',4,19.000,1.000,'JOSSER',2),(368,'2024-08-26 18:52:42','PRO-84 Parrilla 3 T2',1,5.000,1.000,'JOSSER',1),(369,'2024-08-26 18:52:42','PRO-84 Parrilla 3 T2',2,19.000,1.000,'JOSSER',1),(370,'2024-08-26 18:52:42','PRO-84 Parrilla 3 T2',4,19.000,1.000,'JOSSER',2),(371,'2024-08-27 00:00:00','PasoTobo-',1,120.000,1.000,'JOSSER',2),(372,'2024-08-27 00:00:00','PasoTobo-',2,5.000,0.000,'JOSSER',1),(373,'2024-08-27 14:09:54','PasoTobo-',4,5.000,1.000,'JOSSER',2),(374,'2024-08-27 20:21:52','PRO-85',3,1040.000,0.000,'JOSSER',2),(375,'2024-08-27 20:22:14','PRO-86',3,880.000,0.000,'JOSSER',2),(376,'2024-08-27 20:22:28','PRO-87',3,960.000,0.000,'JOSSER',2),(377,'2024-08-27 20:23:12','PRO-88',3,960.000,0.000,'JOSSER',2),(378,'2024-08-27 20:23:26','PRO-89',3,960.000,0.000,'JOSSER',2),(379,'2024-08-27 20:24:09','PRO-85 Parrilla 1 T1',1,20.000,1.000,'JOSSER',1),(380,'2024-08-27 20:24:09','PRO-85 Parrilla 1 T1',2,20.000,1.000,'JOSSER',1),(381,'2024-08-27 20:24:09','PRO-85 Parrilla 1 T1',4,20.000,1.000,'JOSSER',2),(382,'2024-08-27 20:24:44','PRO-86 Parrilla 2 T1',1,20.000,1.000,'JOSSER',1),(383,'2024-08-27 20:24:44','PRO-86 Parrilla 2 T1',2,17.000,1.000,'JOSSER',1),(384,'2024-08-27 20:24:44','PRO-86 Parrilla 2 T1',4,17.000,1.000,'JOSSER',2),(385,'2024-08-27 20:25:07','PRO-87 Parrilla 3 T1',1,5.000,1.000,'JOSSER',1),(386,'2024-08-27 20:25:07','PRO-87 Parrilla 3 T1',2,19.000,1.000,'JOSSER',1),(387,'2024-08-27 20:25:07','PRO-87 Parrilla 3 T1',4,19.000,1.000,'JOSSER',2),(388,'2024-08-27 20:25:21','PRO-88 Parrilla 2 T2',1,0.000,1.000,'JOSSER',1),(389,'2024-08-27 20:25:21','PRO-88 Parrilla 2 T2',2,20.000,1.000,'JOSSER',1),(390,'2024-08-27 20:25:21','PRO-88 Parrilla 2 T2',4,20.000,1.000,'JOSSER',2),(391,'2024-08-27 20:25:36','PRO-89 Parrilla 3 T2',1,15.000,1.000,'JOSSER',1),(392,'2024-08-27 20:25:36','PRO-89 Parrilla 3 T2',2,19.000,1.000,'JOSSER',1),(393,'2024-08-27 20:25:36','PRO-89 Parrilla 3 T2',4,19.000,1.000,'JOSSER',2),(394,'2024-08-28 15:14:54','CONTROL-5',4,268.000,0.000,'FRANK',1),(395,'2024-08-28 15:15:39','FAC-4',2,19.000,0.000,'FRANK',2),(396,'2024-08-28 20:04:50','PRO-90',3,1040.000,0.000,'JOSSER',2),(397,'2024-08-28 20:05:07','PRO-91',3,960.000,0.000,'JOSSER',2),(398,'2024-08-28 20:05:22','PRO-92',3,1040.000,0.000,'JOSSER',2),(399,'2024-08-28 20:05:43','PRO-93',3,800.000,0.000,'JOSSER',2),(400,'2024-08-28 20:05:59','PRO-94',3,800.000,0.000,'JOSSER',2),(401,'2024-08-28 20:06:35','PRO-90 Parrilla 1 T1',1,10.000,1.000,'JOSSER',1),(402,'2024-08-28 20:06:35','PRO-90 Parrilla 1 T1',2,21.000,1.000,'JOSSER',1),(403,'2024-08-28 20:06:35','PRO-90 Parrilla 1 T1',4,21.000,1.000,'JOSSER',2),(404,'2024-08-28 20:07:21','PRO-91 Parrilla 2 T1',1,20.000,1.000,'JOSSER',1),(405,'2024-08-28 20:07:21','PRO-91 Parrilla 2 T1',2,19.000,1.000,'JOSSER',1),(406,'2024-08-28 20:07:21','PRO-91 Parrilla 2 T1',4,19.000,1.000,'JOSSER',2),(407,'2024-08-28 20:07:39','PRO-92 Parrilla 3 T1',1,0.000,1.000,'JOSSER',1),(408,'2024-08-28 20:07:39','PRO-92 Parrilla 3 T1',2,21.000,1.000,'JOSSER',1),(409,'2024-08-28 20:07:39','PRO-92 Parrilla 3 T1',4,21.000,1.000,'JOSSER',2),(410,'2024-08-28 20:08:01','PRO-93 Parrilla 2 T2',1,13.000,1.000,'JOSSER',1),(411,'2024-08-28 20:08:01','PRO-93 Parrilla 2 T2',2,15.000,1.000,'JOSSER',1),(412,'2024-08-28 20:08:01','PRO-93 Parrilla 2 T2',4,15.000,1.000,'JOSSER',2),(413,'2024-08-28 20:08:16','PRO-94 Parrilla 3 T2',1,18.000,1.000,'JOSSER',1),(414,'2024-08-28 20:08:16','PRO-94 Parrilla 3 T2',2,15.000,1.000,'JOSSER',1),(415,'2024-08-28 20:08:16','PRO-94 Parrilla 3 T2',4,15.000,1.000,'JOSSER',2),(416,'2024-08-29 13:16:23','PRO-95',3,1040.000,0.000,'JOSSER',2),(417,'2024-08-29 13:16:39','PRO-96',3,880.000,0.000,'JOSSER',2),(418,'2024-08-29 13:16:57','PRO-97',3,960.000,0.000,'JOSSER',2),(419,'2024-08-29 13:17:35','PRO-95 Parrilla 1 T1',1,21.000,1.000,'JOSSER',1),(420,'2024-08-29 13:17:35','PRO-95 Parrilla 1 T1',2,20.000,1.000,'JOSSER',1),(421,'2024-08-29 13:17:35','PRO-95 Parrilla 1 T1',4,20.000,1.000,'JOSSER',2),(422,'2024-08-29 13:17:51','PRO-96 Parrilla 2 T1',1,3.000,1.000,'JOSSER',1),(423,'2024-08-29 13:17:51','PRO-96 Parrilla 2 T1',2,17.000,1.000,'JOSSER',1),(424,'2024-08-29 13:17:52','PRO-96 Parrilla 2 T1',4,17.000,1.000,'JOSSER',2),(425,'2024-08-29 13:18:08','PRO-97 Parrilla 3 T1',1,8.000,1.000,'JOSSER',1),(426,'2024-08-29 13:18:08','PRO-97 Parrilla 3 T1',2,19.000,1.000,'JOSSER',1),(427,'2024-08-29 13:18:08','PRO-97 Parrilla 3 T1',4,19.000,1.000,'JOSSER',2),(428,'2024-08-29 00:00:00','PasoTobo-',1,168.000,1.000,'JOSSER',2),(429,'2024-08-29 00:00:00','PasoTobo-',2,7.000,0.000,'JOSSER',1),(430,'2024-08-29 13:18:43','PasoTobo-',4,7.000,1.000,'JOSSER',2),(431,'2024-08-29 18:40:32','PRO-98',3,960.000,0.000,'JOSSER',2),(432,'2024-08-29 18:40:51','PRO-99',3,960.000,0.000,'JOSSER',2),(433,'2024-08-29 18:41:45','PRO-98 Parrilla 2 T2',1,10.000,1.000,'JOSSER',1),(434,'2024-08-29 18:41:45','PRO-98 Parrilla 2 T2',2,19.000,1.000,'JOSSER',1),(435,'2024-08-29 18:41:45','PRO-98 Parrilla 2 T2',4,19.000,1.000,'JOSSER',2),(436,'2024-08-29 18:42:03','PRO-99 Parrilla 3 T2',1,12.000,1.000,'JOSSER',1),(437,'2024-08-29 18:42:03','PRO-99 Parrilla 3 T2',2,19.000,1.000,'JOSSER',1),(438,'2024-08-29 18:42:03','PRO-99 Parrilla 3 T2',4,19.000,1.000,'JOSSER',2),(439,'2024-08-30 20:38:12','PRO-100',3,1040.000,0.000,'JOSSER',2),(440,'2024-08-30 20:38:32','PRO-101',3,960.000,0.000,'JOSSER',2),(441,'2024-08-30 20:38:47','PRO-102',3,960.000,0.000,'JOSSER',2),(442,'2024-08-30 20:39:07','PRO-100 Parrilla 1 T1',1,23.000,1.000,'JOSSER',1),(443,'2024-08-30 20:39:07','PRO-100 Parrilla 1 T1',2,20.000,1.000,'JOSSER',1),(444,'2024-08-30 20:39:07','PRO-100 Parrilla 1 T1',4,20.000,1.000,'JOSSER',2),(445,'2024-08-30 20:39:25','PRO-101 Parrilla 2 T1',1,7.000,1.000,'JOSSER',1),(446,'2024-08-30 20:39:25','PRO-101 Parrilla 2 T1',2,19.000,1.000,'JOSSER',1),(447,'2024-08-30 20:39:25','PRO-101 Parrilla 2 T1',4,19.000,1.000,'JOSSER',2),(448,'2024-08-30 20:39:42','PRO-102 Parrilla 3 T1',1,11.000,1.000,'JOSSER',1),(449,'2024-08-30 20:39:42','PRO-102 Parrilla 3 T1',2,19.000,1.000,'JOSSER',1),(450,'2024-08-30 20:39:42','PRO-102 Parrilla 3 T1',4,19.000,1.000,'JOSSER',2),(451,'2024-09-02 00:00:00','PasoTobo-',1,48.000,1.000,'JOSSER',2),(452,'2024-09-02 00:00:00','PasoTobo-',2,2.000,0.000,'JOSSER',1),(453,'2024-09-02 16:03:39','PasoTobo-',4,2.000,1.000,'JOSSER',2),(454,'2024-09-03 16:45:00','CONTROL-7',4,800.000,0.000,'FRANK',1),(455,'2024-09-03 16:45:48','FAC-5',2,290.000,0.000,'FRANK',2),(456,'2024-09-03 18:05:02','PRO-103',3,1040.000,0.000,'JOSSER',2),(457,'2024-09-03 18:05:35','PRO-104',3,1040.000,0.000,'JOSSER',2),(458,'2024-09-03 18:06:01','PRO-105',3,1040.000,0.000,'JOSSER',2),(459,'2024-09-03 18:06:20','PRO-106',3,880.000,0.000,'JOSSER',2),(460,'2024-09-03 18:06:38','PRO-107',3,880.000,0.000,'JOSSER',2),(461,'2024-09-03 18:07:11','PRO-103 Parrilla 2 T1',1,0.000,1.000,'JOSSER',1),(462,'2024-09-03 18:07:11','PRO-103 Parrilla 2 T1',2,20.000,1.000,'JOSSER',1),(463,'2024-09-03 18:07:11','PRO-103 Parrilla 2 T1',4,20.000,1.000,'JOSSER',2),(464,'2024-09-03 18:07:39','PRO-104 Parrilla 3 T1',1,0.000,1.000,'JOSSER',1),(465,'2024-09-03 18:07:39','PRO-104 Parrilla 3 T1',2,20.000,1.000,'JOSSER',1),(466,'2024-09-03 18:07:39','PRO-104 Parrilla 3 T1',4,20.000,1.000,'JOSSER',2),(467,'2024-09-03 18:07:55','PRO-105 Parrilla 1 T1',1,13.000,1.000,'JOSSER',1),(468,'2024-09-03 18:07:55','PRO-105 Parrilla 1 T1',2,20.000,1.000,'JOSSER',1),(469,'2024-09-03 18:07:55','PRO-105 Parrilla 1 T1',4,20.000,1.000,'JOSSER',2),(470,'2024-09-03 18:08:25','PRO-106 Parrilla 2 T2',1,19.000,1.000,'JOSSER',1),(471,'2024-09-03 18:08:25','PRO-106 Parrilla 2 T2',2,17.000,1.000,'JOSSER',1),(472,'2024-09-03 18:08:25','PRO-106 Parrilla 2 T2',4,17.000,1.000,'JOSSER',2),(473,'2024-09-03 18:08:36','PRO-107 Parrilla 3 T2',1,15.000,1.000,'JOSSER',1),(474,'2024-09-03 18:08:36','PRO-107 Parrilla 3 T2',2,17.000,1.000,'JOSSER',1),(475,'2024-09-03 18:08:36','PRO-107 Parrilla 3 T2',4,17.000,1.000,'JOSSER',2),(476,'2024-09-04 18:25:32','PRO-108',3,1040.000,0.000,'JOSSER',2),(477,'2024-09-04 18:25:57','PRO-109',3,1040.000,0.000,'JOSSER',2),(478,'2024-09-04 18:26:12','PRO-110',3,1040.000,0.000,'JOSSER',2),(479,'2024-09-04 18:26:27','PRO-111',3,960.000,0.000,'JOSSER',2),(480,'2024-09-04 18:27:04','PRO-112',3,960.000,0.000,'JOSSER',2),(481,'2024-09-04 18:27:37','PRO-108 Parrilla 3 T1',1,0.000,1.000,'JOSSER',1),(482,'2024-09-04 18:27:37','PRO-108 Parrilla 3 T1',2,21.000,1.000,'JOSSER',1),(483,'2024-09-04 18:27:37','PRO-108 Parrilla 3 T1',4,21.000,1.000,'JOSSER',2),(484,'2024-09-04 18:27:54','PRO-109 Parrilla 2 T1',1,17.000,1.000,'JOSSER',1),(485,'2024-09-04 18:27:54','PRO-109 Parrilla 2 T1',2,20.000,1.000,'JOSSER',1),(486,'2024-09-04 18:27:54','PRO-109 Parrilla 2 T1',4,20.000,1.000,'JOSSER',2),(487,'2024-09-04 18:28:11','PRO-110 Parrilla 1 T1',1,0.000,1.000,'JOSSER',1),(488,'2024-09-04 18:28:11','PRO-110 Parrilla 1 T1',2,21.000,1.000,'JOSSER',1),(489,'2024-09-04 18:28:11','PRO-110 Parrilla 1 T1',4,21.000,1.000,'JOSSER',2),(490,'2024-09-04 18:28:30','PRO-111 Parrilla 2 T2',1,10.000,1.000,'JOSSER',1),(491,'2024-09-04 18:28:30','PRO-111 Parrilla 2 T2',2,19.000,1.000,'JOSSER',1),(492,'2024-09-04 18:28:30','PRO-111 Parrilla 2 T2',4,19.000,1.000,'JOSSER',2),(493,'2024-09-04 18:28:48','PRO-112 Parrilla 3 T2',1,20.000,1.000,'JOSSER',1),(494,'2024-09-04 18:28:48','PRO-112 Parrilla 3 T2',2,19.000,1.000,'JOSSER',1),(495,'2024-09-04 18:28:48','PRO-112 Parrilla 3 T2',4,19.000,1.000,'JOSSER',2),(496,'2024-09-05 14:04:38','PRO-113',3,960.000,0.000,'JOSSER',2),(497,'2024-09-05 14:04:53','PRO-114',3,960.000,0.000,'JOSSER',2),(498,'2024-09-05 14:05:11','PRO-113 Parrilla 2 T1',1,12.000,1.000,'JOSSER',1),(499,'2024-09-05 14:05:11','PRO-113 Parrilla 2 T1',2,19.000,1.000,'JOSSER',1),(500,'2024-09-05 14:05:11','PRO-113 Parrilla 2 T1',4,19.000,1.000,'JOSSER',2),(501,'2024-09-05 14:05:24','PRO-114 Parrilla 3 T1',1,0.000,1.000,'JOSSER',1),(502,'2024-09-05 14:05:24','PRO-114 Parrilla 3 T1',2,20.000,1.000,'JOSSER',1),(503,'2024-09-05 14:05:24','PRO-114 Parrilla 3 T1',4,20.000,1.000,'JOSSER',2),(504,'2024-09-05 00:00:00','PasoTobo-',1,120.000,1.000,'JOSSER',2),(505,'2024-09-05 00:00:00','PasoTobo-',2,5.000,0.000,'JOSSER',1),(506,'2024-09-05 14:06:22','PasoTobo-',4,5.000,1.000,'JOSSER',2),(507,'2024-09-05 19:01:34','PRO-115',3,1040.000,0.000,'JOSSER',2),(508,'2024-09-05 19:01:49','PRO-116',3,960.000,0.000,'JOSSER',2),(509,'2024-09-05 19:02:07','PRO-117',3,960.000,0.000,'JOSSER',2),(510,'2024-09-05 19:02:23','PRO-115 Parrilla 1 T1',1,0.000,1.000,'JOSSER',1),(511,'2024-09-05 19:02:23','PRO-115 Parrilla 1 T1',2,21.000,1.000,'JOSSER',1),(512,'2024-09-05 19:02:23','PRO-115 Parrilla 1 T1',4,21.000,1.000,'JOSSER',2),(513,'2024-09-05 19:02:39','PRO-116 Parrilla 2 T2',1,15.000,1.000,'JOSSER',1),(514,'2024-09-05 19:02:39','PRO-116 Parrilla 2 T2',2,19.000,1.000,'JOSSER',1),(515,'2024-09-05 19:02:39','PRO-116 Parrilla 2 T2',4,19.000,1.000,'JOSSER',2),(516,'2024-09-05 19:02:57','PRO-117 Parrilla 3 T2',1,0.000,1.000,'JOSSER',1),(517,'2024-09-05 19:02:58','PRO-117 Parrilla 3 T2',2,20.000,1.000,'JOSSER',1),(518,'2024-09-05 19:02:58','PRO-117 Parrilla 3 T2',4,20.000,1.000,'JOSSER',2),(519,'2024-09-06 17:14:13','PRO-118',3,960.000,0.000,'JOSSER',2),(520,'2024-09-06 17:14:30','PRO-119',3,960.000,0.000,'JOSSER',2),(521,'2024-09-06 17:14:57','PRO-120',3,1040.000,0.000,'JOSSER',2),(522,'2024-09-06 17:15:17','PRO-121',3,960.000,0.000,'JOSSER',2),(523,'2024-09-06 17:15:36','PRO-122',3,960.000,0.000,'JOSSER',2),(524,'2024-09-06 17:15:55','PRO-118 Parrilla 2 T1',1,21.000,1.000,'JOSSER',1),(525,'2024-09-06 17:15:55','PRO-118 Parrilla 2 T1',2,18.000,1.000,'JOSSER',1),(526,'2024-09-06 17:15:55','PRO-118 Parrilla 2 T1',4,18.000,1.000,'JOSSER',2),(527,'2024-09-06 17:16:11','PRO-119 Parrilla 3 T1',1,2.000,1.000,'JOSSER',1),(528,'2024-09-06 17:16:11','PRO-119 Parrilla 3 T1',2,19.000,1.000,'JOSSER',1),(529,'2024-09-06 17:16:11','PRO-119 Parrilla 3 T1',4,19.000,1.000,'JOSSER',2),(530,'2024-09-06 17:16:29','PRO-120 Parrilla 1 T1',1,13.000,1.000,'JOSSER',1),(531,'2024-09-06 17:16:29','PRO-120 Parrilla 1 T1',2,20.000,1.000,'JOSSER',1),(532,'2024-09-06 17:16:29','PRO-120 Parrilla 1 T1',4,20.000,1.000,'JOSSER',2),(533,'2024-09-06 17:16:52','PRO-121 Parrilla 2 T2',1,20.000,1.000,'JOSSER',1),(534,'2024-09-06 17:16:52','PRO-121 Parrilla 2 T2',2,16.000,1.000,'JOSSER',1),(535,'2024-09-06 17:16:52','PRO-121 Parrilla 2 T2',4,16.000,1.000,'JOSSER',2),(536,'2024-09-06 17:17:08','PRO-122 Parrilla 3 T2',1,22.000,1.000,'JOSSER',1),(537,'2024-09-06 17:17:08','PRO-122 Parrilla 3 T2',2,16.000,1.000,'JOSSER',1),(538,'2024-09-06 17:17:08','PRO-122 Parrilla 3 T2',4,16.000,1.000,'JOSSER',2),(539,'2024-09-06 00:00:00','PasoTobo-',1,96.000,1.000,'JOSSER',2),(540,'2024-09-06 00:00:00','PasoTobo-',2,4.000,0.000,'JOSSER',1),(541,'2024-09-06 17:18:01','PasoTobo-',4,4.000,1.000,'JOSSER',2),(542,'2024-09-09 13:15:06','PRO-123',3,880.000,0.000,'JOSSER',2),(543,'2024-09-09 13:15:22','PRO-124',3,880.000,0.000,'JOSSER',2),(544,'2024-09-09 13:15:57','PRO-125',3,880.000,0.000,'JOSSER',2),(545,'2024-09-09 13:16:11','PRO-123 Parrilla 1 T1',1,11.000,1.000,'JOSSER',1),(546,'2024-09-09 13:16:11','PRO-123 Parrilla 1 T1',2,17.000,1.000,'JOSSER',1),(547,'2024-09-09 13:16:11','PRO-123 Parrilla 1 T1',4,17.000,1.000,'JOSSER',2),(548,'2024-09-09 13:16:35','PRO-124 Parrilla 2 T1',1,10.000,1.000,'JOSSER',1),(549,'2024-09-09 13:16:35','PRO-124 Parrilla 2 T1',2,17.000,1.000,'JOSSER',1),(550,'2024-09-09 13:16:35','PRO-124 Parrilla 2 T1',4,17.000,1.000,'JOSSER',2),(551,'2024-09-09 13:16:47','PRO-125 Parrilla 3 T1',1,13.000,1.000,'JOSSER',1),(552,'2024-09-09 13:16:47','PRO-125 Parrilla 3 T1',2,10.000,1.000,'JOSSER',1),(553,'2024-09-09 13:16:47','PRO-125 Parrilla 3 T1',4,10.000,1.000,'JOSSER',2),(554,'2024-09-09 00:00:00','PasoTobo-',1,24.000,1.000,'JOSSER',2),(555,'2024-09-09 00:00:00','PasoTobo-',2,1.000,0.000,'JOSSER',1),(556,'2024-09-09 16:00:22','PasoTobo-',4,1.000,1.000,'JOSSER',2),(557,'2024-09-10 17:41:58','PRO-126',3,960.000,0.000,'JOSSER',2),(558,'2024-09-10 17:42:17','PRO-127',3,960.000,0.000,'JOSSER',2),(559,'2024-09-10 17:42:43','PRO-126 Parrilla 2 T2',1,15.000,1.000,'JOSSER',1),(560,'2024-09-10 17:42:43','PRO-126 Parrilla 2 T2',2,18.000,1.000,'JOSSER',1),(561,'2024-09-10 17:42:43','PRO-126 Parrilla 2 T2',4,18.000,1.000,'JOSSER',2),(562,'2024-09-10 17:42:57','PRO-127 Parrilla 3 T2',1,0.000,1.000,'JOSSER',1),(563,'2024-09-10 17:42:57','PRO-127 Parrilla 3 T2',2,19.000,1.000,'JOSSER',1),(564,'2024-09-10 17:42:57','PRO-127 Parrilla 3 T2',4,19.000,1.000,'JOSSER',2),(565,'2024-09-10 17:43:14','PRO-128',3,960.000,0.000,'JOSSER',2),(566,'2024-09-10 17:43:43','PRO-129',3,960.000,0.000,'JOSSER',2),(567,'2024-09-10 17:44:05','PRO-130',3,960.000,0.000,'JOSSER',2),(568,'2024-09-10 17:44:21','PRO-131',3,960.000,0.000,'JOSSER',2),(569,'2024-09-10 17:44:40','PRO-132',3,960.000,0.000,'JOSSER',2),(570,'2024-09-10 17:44:52','PRO-128 Parrilla 1 T1',1,0.000,1.000,'JOSSER',1),(571,'2024-09-10 17:44:52','PRO-128 Parrilla 1 T1',2,19.000,1.000,'JOSSER',1),(572,'2024-09-10 17:44:52','PRO-128 Parrilla 1 T1',4,19.000,1.000,'JOSSER',2),(573,'2024-09-10 17:45:08','PRO-129 Parrilla 2 T1',1,17.000,1.000,'JOSSER',1),(574,'2024-09-10 17:45:08','PRO-129 Parrilla 2 T1',2,18.000,1.000,'JOSSER',1),(575,'2024-09-10 17:45:08','PRO-129 Parrilla 2 T1',4,18.000,1.000,'JOSSER',2),(576,'2024-09-10 17:45:19','PRO-130 Parrilla 3 T1',1,0.000,1.000,'JOSSER',1),(577,'2024-09-10 17:45:19','PRO-130 Parrilla 3 T1',2,19.000,1.000,'JOSSER',1),(578,'2024-09-10 17:45:19','PRO-130 Parrilla 3 T1',4,19.000,1.000,'JOSSER',2),(579,'2024-09-10 17:45:37','PRO-131 Parrilla 2 T2',1,8.000,1.000,'JOSSER',1),(580,'2024-09-10 17:45:37','PRO-131 Parrilla 2 T2',2,19.000,1.000,'JOSSER',1),(581,'2024-09-10 17:45:37','PRO-131 Parrilla 2 T2',4,19.000,1.000,'JOSSER',2),(582,'2024-09-10 17:45:46','PRO-132 Parrilla 3 T2',1,0.000,1.000,'JOSSER',1),(583,'2024-09-10 17:45:46','PRO-132 Parrilla 3 T2',2,19.000,1.000,'JOSSER',1),(584,'2024-09-10 17:45:46','PRO-132 Parrilla 3 T2',4,19.000,1.000,'JOSSER',2),(585,'2024-09-11 19:22:43','PRO-133',3,1040.000,0.000,'JOSSER',2),(586,'2024-09-11 19:22:59','PRO-134',3,960.000,0.000,'JOSSER',2),(587,'2024-09-11 19:23:28','PRO-135',3,960.000,0.000,'JOSSER',2),(588,'2024-09-11 19:23:42','PRO-136',3,960.000,0.000,'JOSSER',2),(589,'2024-09-11 19:23:55','PRO-137',3,960.000,0.000,'JOSSER',2),(590,'2024-09-11 19:24:53','PRO-133 Parrilla 1 T1',1,20.000,1.000,'JOSSER',1),(591,'2024-09-11 19:24:53','PRO-133 Parrilla 1 T1',2,20.000,1.000,'JOSSER',1),(592,'2024-09-11 19:24:53','PRO-133 Parrilla 1 T1',4,20.000,1.000,'JOSSER',2),(593,'2024-09-11 19:25:16','PRO-134 Parrilla 2 T1',1,19.000,1.000,'JOSSER',1),(594,'2024-09-11 19:25:16','PRO-134 Parrilla 2 T1',2,18.000,1.000,'JOSSER',1),(595,'2024-09-11 19:25:16','PRO-134 Parrilla 2 T1',4,18.000,1.000,'JOSSER',2),(596,'2024-09-11 19:25:37','PRO-135 Parrilla 3 T1',1,12.000,1.000,'JOSSER',1),(597,'2024-09-11 19:25:37','PRO-135 Parrilla 3 T1',2,19.000,1.000,'JOSSER',1),(598,'2024-09-11 19:25:37','PRO-135 Parrilla 3 T1',4,19.000,1.000,'JOSSER',2),(599,'2024-09-11 19:25:55','PRO-136 Parrilla 2 T2',1,22.000,1.000,'JOSSER',1),(600,'2024-09-11 19:25:55','PRO-136 Parrilla 2 T2',2,18.000,1.000,'JOSSER',1),(601,'2024-09-11 19:25:55','PRO-136 Parrilla 2 T2',4,18.000,1.000,'JOSSER',2),(602,'2024-09-11 19:26:14','PRO-137 Parrilla 3 T2',1,0.000,1.000,'JOSSER',1),(603,'2024-09-11 19:26:14','PRO-137 Parrilla 3 T2',2,19.000,1.000,'JOSSER',1),(604,'2024-09-11 19:26:14','PRO-137 Parrilla 3 T2',4,19.000,1.000,'JOSSER',2),(605,'2024-09-11 00:00:00','PasoTobo-',1,312.000,1.000,'JOSSER',2),(606,'2024-09-11 00:00:00','PasoTobo-',2,13.000,0.000,'JOSSER',1),(607,'2024-09-11 19:26:47','PasoTobo-',4,13.000,1.000,'JOSSER',2),(608,'2024-09-12 17:55:23','PRO-138',3,1040.000,0.000,'JOSSER',2),(609,'2024-09-12 17:55:39','PRO-139',3,960.000,0.000,'JOSSER',2),(610,'2024-09-12 17:55:54','PRO-140',3,1040.000,0.000,'JOSSER',2),(611,'2024-09-12 17:56:10','PRO-141',3,960.000,0.000,'JOSSER',2),(612,'2024-09-12 17:56:33','PRO-142',3,960.000,0.000,'JOSSER',2),(613,'2024-09-12 17:56:49','PRO-138 Parrilla 1 T1',1,18.000,1.000,'JOSSER',1),(614,'2024-09-12 17:56:49','PRO-138 Parrilla 1 T1',2,20.000,1.000,'JOSSER',1),(615,'2024-09-12 17:56:49','PRO-138 Parrilla 1 T1',4,20.000,1.000,'JOSSER',2),(616,'2024-09-12 17:57:01','PRO-139 Parrilla 2 T1',1,23.000,1.000,'JOSSER',1),(617,'2024-09-12 17:57:01','PRO-139 Parrilla 2 T1',2,18.000,1.000,'JOSSER',1),(618,'2024-09-12 17:57:01','PRO-139 Parrilla 2 T1',4,18.000,1.000,'JOSSER',2),(619,'2024-09-12 17:57:13','PRO-140 Parrilla 3 T1',1,15.000,1.000,'JOSSER',1),(620,'2024-09-12 17:57:13','PRO-140 Parrilla 3 T1',2,20.000,1.000,'JOSSER',1),(621,'2024-09-12 17:57:13','PRO-140 Parrilla 3 T1',4,20.000,1.000,'JOSSER',2),(622,'2024-09-12 17:57:26','PRO-142 Parrilla 3 T2',1,0.000,1.000,'JOSSER',1),(623,'2024-09-12 17:57:26','PRO-142 Parrilla 3 T2',2,19.000,1.000,'JOSSER',1),(624,'2024-09-12 17:57:26','PRO-142 Parrilla 3 T2',4,19.000,1.000,'JOSSER',2),(625,'2024-09-13 16:19:00','FAC-6',2,150.000,0.000,'FRANK',2),(626,'2024-09-13 16:43:19','PRO-141 Parrilla 2 T2',1,12.000,1.000,'JOSSER',1),(627,'2024-09-13 16:43:19','PRO-141 Parrilla 2 T2',2,18.000,1.000,'JOSSER',1),(628,'2024-09-13 16:43:19','PRO-141 Parrilla 2 T2',4,18.000,1.000,'JOSSER',2),(629,'2024-09-13 16:43:40','PRO-143',3,960.000,0.000,'JOSSER',2),(630,'2024-09-13 16:43:57','PRO-144',3,960.000,0.000,'JOSSER',2),(631,'2024-09-13 16:45:36','PRO-145',3,960.000,0.000,'JOSSER',2),(632,'2024-09-13 16:46:02','PRO-146',3,960.000,0.000,'JOSSER',2),(633,'2024-09-13 16:46:33','PRO-147',3,960.000,0.000,'JOSSER',2),(634,'2024-09-13 16:47:09','PRO-143 Parrilla 1 T1',1,15.000,1.000,'JOSSER',1),(635,'2024-09-13 16:47:09','PRO-143 Parrilla 1 T1',2,20.000,1.000,'JOSSER',1),(636,'2024-09-13 16:47:09','PRO-143 Parrilla 1 T1',4,20.000,1.000,'JOSSER',2),(637,'2024-09-13 16:47:44','PRO-144 Parrilla 2 T1',1,11.000,1.000,'JOSSER',1),(638,'2024-09-13 16:47:44','PRO-144 Parrilla 2 T1',2,17.000,1.000,'JOSSER',1),(639,'2024-09-13 16:47:44','PRO-144 Parrilla 2 T1',4,17.000,1.000,'JOSSER',2),(640,'2024-09-13 16:48:01','PRO-145 Parrilla 3 T1',1,0.000,1.000,'JOSSER',1),(641,'2024-09-13 16:48:01','PRO-145 Parrilla 3 T1',2,19.000,1.000,'JOSSER',1),(642,'2024-09-13 16:48:01','PRO-145 Parrilla 3 T1',4,19.000,1.000,'JOSSER',2),(643,'2024-09-13 16:48:34','PRO-146 Parrilla 2 T2',1,16.000,1.000,'JOSSER',1),(644,'2024-09-13 16:48:34','PRO-146 Parrilla 2 T2',2,17.000,1.000,'JOSSER',1),(645,'2024-09-13 16:48:34','PRO-146 Parrilla 2 T2',4,17.000,1.000,'JOSSER',2),(646,'2024-09-13 16:49:03','PRO-147 Parrilla 3 T2',1,17.000,1.000,'JOSSER',1),(647,'2024-09-13 16:49:03','PRO-147 Parrilla 3 T2',2,17.000,1.000,'JOSSER',1),(648,'2024-09-13 16:49:03','PRO-147 Parrilla 3 T2',4,17.000,1.000,'JOSSER',2),(649,'2024-09-16 16:02:13','PRO-148',3,880.000,0.000,'JOSSER',2),(650,'2024-09-16 16:03:25','PRO-149',3,880.000,0.000,'JOSSER',2),(651,'2024-09-16 16:03:41','PRO-150',3,880.000,0.000,'JOSSER',2),(652,'2024-09-16 16:03:55','PRO-148 Parrilla 1 T1',1,6.000,1.000,'JOSSER',1),(653,'2024-09-16 16:03:55','PRO-148 Parrilla 1 T1',2,17.000,1.000,'JOSSER',1),(654,'2024-09-16 16:03:55','PRO-148 Parrilla 1 T1',4,17.000,1.000,'JOSSER',2),(655,'2024-09-16 16:04:07','PRO-149 Parrilla 2 T1',1,0.000,1.000,'JOSSER',1),(656,'2024-09-16 16:04:07','PRO-149 Parrilla 2 T1',2,17.000,1.000,'JOSSER',1),(657,'2024-09-16 16:04:07','PRO-149 Parrilla 2 T1',4,17.000,1.000,'JOSSER',2),(658,'2024-09-16 16:04:21','PRO-150 Parrilla 3 T1',1,20.000,1.000,'JOSSER',1),(659,'2024-09-16 16:04:21','PRO-150 Parrilla 3 T1',2,18.000,1.000,'JOSSER',1),(660,'2024-09-16 16:04:21','PRO-150 Parrilla 3 T1',4,18.000,1.000,'JOSSER',2),(661,'2024-09-16 00:00:00','PasoTobo-',1,144.000,1.000,'JOSSER',2),(662,'2024-09-16 00:00:00','PasoTobo-',2,6.000,0.000,'JOSSER',1),(663,'2024-09-16 16:04:35','PasoTobo-',4,6.000,1.000,'JOSSER',2),(664,'2024-09-16 17:40:44','PRO-151',3,880.000,0.000,'JOSSER',2),(665,'2024-09-16 17:41:04','PRO-152',3,880.000,0.000,'JOSSER',2),(666,'2024-09-16 17:41:17','PRO-151 Parrilla 2 T2',1,0.000,1.000,'JOSSER',1),(667,'2024-09-16 17:41:17','PRO-151 Parrilla 2 T2',2,19.000,1.000,'JOSSER',1),(668,'2024-09-16 17:41:17','PRO-151 Parrilla 2 T2',4,19.000,1.000,'JOSSER',2),(669,'2024-09-16 17:41:29','PRO-152 Parrilla 3 T2',1,14.000,1.000,'JOSSER',1),(670,'2024-09-16 17:41:29','PRO-152 Parrilla 3 T2',2,17.000,1.000,'JOSSER',1),(671,'2024-09-16 17:41:29','PRO-152 Parrilla 3 T2',4,17.000,1.000,'JOSSER',2),(672,'2024-09-18 00:00:00','PasoTobo-',1,24.000,1.000,'JOSSER',2),(673,'2024-09-18 00:00:00','PasoTobo-',2,1.000,0.000,'JOSSER',1),(674,'2024-09-18 19:02:03','PasoTobo-',4,1.000,1.000,'JOSSER',2),(675,'2024-09-28 17:06:14','PRO-153',3,800.000,0.000,'JOSSER',2),(676,'2024-09-28 17:08:20','PRO-154',3,880.000,0.000,'JOSSER',2),(677,'2024-09-28 17:08:43','PRO-154 Parrilla 2 T1',1,0.000,1.000,'JOSSER',1),(678,'2024-09-28 17:08:43','PRO-154 Parrilla 2 T1',2,19.000,1.000,'JOSSER',1),(679,'2024-09-28 17:08:43','PRO-154 Parrilla 2 T1',4,19.000,1.000,'JOSSER',2),(680,'2024-09-28 17:09:16','PRO-155',3,960.000,0.000,'JOSSER',2),(681,'2024-09-28 17:09:30','PRO-155 Parrilla 3 T1',1,1.000,1.000,'JOSSER',1),(682,'2024-09-28 17:09:30','PRO-155 Parrilla 3 T1',2,19.000,1.000,'JOSSER',1),(683,'2024-09-28 17:09:30','PRO-155 Parrilla 3 T1',4,19.000,1.000,'JOSSER',2),(684,'2024-09-28 17:10:00','PRO-156',3,960.000,0.000,'JOSSER',2),(685,'2024-09-28 17:10:30','PRO-156 Parrilla 2 T2',1,4.000,1.000,'JOSSER',1),(686,'2024-09-28 17:10:30','PRO-156 Parrilla 2 T2',2,21.000,1.000,'JOSSER',1),(687,'2024-09-28 17:10:30','PRO-156 Parrilla 2 T2',4,21.000,1.000,'JOSSER',2),(688,'2024-09-28 17:10:50','PRO-157',3,960.000,0.000,'JOSSER',2),(689,'2024-09-28 17:11:33','PRO-157 Parrilla 3 T2',1,4.000,1.000,'JOSSER',1),(690,'2024-09-28 17:11:33','PRO-157 Parrilla 3 T2',2,23.000,1.000,'JOSSER',1),(691,'2024-09-28 17:11:33','PRO-157 Parrilla 3 T2',4,23.000,1.000,'JOSSER',2),(692,'2024-09-28 17:12:02','PRO-153 Parrilla 1 T1',1,2.000,1.000,'JOSSER',1),(693,'2024-09-28 17:12:02','PRO-153 Parrilla 1 T1',2,21.000,1.000,'JOSSER',1),(694,'2024-09-28 17:12:02','PRO-153 Parrilla 1 T1',4,21.000,1.000,'JOSSER',2),(695,'2024-10-09 12:01:10','FAC-7',2,148.000,0.000,'FRANK',2),(696,'2024-10-10 17:03:46','FAC-8',2,250.000,0.000,'FRANK',2),(697,'2024-10-14 19:11:33','FAC-9',2,250.000,0.000,'FRANK',2),(698,'2024-10-16 20:39:17','FAC-10',2,250.000,0.000,'FRANK',2),(699,'2024-10-17 09:40:46','FAC-11',2,250.000,0.000,'FRANK',2),(700,'2024-10-20 15:42:29','FAC-12',2,250.000,0.000,'FRANK',2),(701,'2024-10-20 15:42:56','FAC-13',2,250.000,0.000,'FRANK',2),(702,'2024-10-20 15:43:18','FAC-14',2,150.000,0.000,'FRANK',2),(703,'2024-10-20 15:44:09','CONTROL-18',4,360.000,0.000,'FRANK',1),(704,'2024-10-21 22:25:02','FAC-15',2,250.000,0.000,'FRANK',2),(705,'2024-10-25 09:36:59','FAC-16',2,250.000,0.000,'FRANK',2),(706,'2024-10-29 09:56:38','AJUS-13',3,24077.000,0.000,'FRANK',1),(707,'2024-10-29 09:57:26','AJUS-14',3,80533.469,0.000,'FRANK',1),(708,'2025-01-22 15:16:19','PRO-158',3,480.000,0.000,'FRANK',2),(709,'2025-01-22 15:16:45','PRO-158 Parrilla 1 T1',1,18.000,1.000,'FRANK',1),(710,'2025-01-22 15:16:45','PRO-158 Parrilla 1 T1',2,3.000,1.000,'FRANK',1),(711,'2025-01-22 15:16:45','PRO-158 Parrilla 1 T1',4,3.000,1.000,'FRANK',2),(712,'2025-01-22 15:17:54','PRO-159',3,0.000,0.000,'FRANK',2),(713,'2025-01-22 15:18:17','PRO-159 Parrilla 2 T1',1,0.000,1.000,'FRANK',1),(714,'2025-01-22 15:18:17','PRO-159 Parrilla 2 T1',2,1.000,1.000,'FRANK',1),(715,'2025-01-22 15:18:17','PRO-159 Parrilla 2 T1',4,1.000,1.000,'FRANK',2),(716,'2025-01-22 15:18:43','PRO-160',3,320.000,0.000,'FRANK',2),(717,'2025-01-22 15:19:08','PRO-160 Parrilla 2 T1',1,5.000,1.000,'FRANK',1),(718,'2025-01-22 15:19:08','PRO-160 Parrilla 2 T1',2,1.000,1.000,'FRANK',1),(719,'2025-01-22 15:19:08','PRO-160 Parrilla 2 T1',4,1.000,1.000,'FRANK',2),(720,'2025-01-22 15:21:07','PRO-161',3,0.000,0.000,'FRANK',2),(721,'2025-01-22 15:21:44','PRO-161 Parrilla 3 T1',1,0.000,1.000,'FRANK',1),(722,'2025-01-22 15:21:44','PRO-161 Parrilla 3 T1',2,1.000,1.000,'FRANK',1),(723,'2025-01-22 15:21:44','PRO-161 Parrilla 3 T1',4,1.000,1.000,'FRANK',2),(724,'2025-01-22 15:22:54','PRO-162',3,480.000,0.000,'FRANK',2),(725,'2025-01-22 15:23:23','PRO-162 Parrilla 3 T1',1,17.000,1.000,'FRANK',1),(726,'2025-01-22 15:23:23','PRO-162 Parrilla 3 T1',2,3.000,1.000,'FRANK',1),(727,'2025-01-22 15:23:23','PRO-162 Parrilla 3 T1',4,3.000,1.000,'FRANK',2),(728,'2025-01-22 15:24:12','PRO-163',3,880.000,0.000,'FRANK',2),(729,'2025-01-22 15:24:47','PRO-163 Parrilla 1 T2',1,22.000,1.000,'FRANK',1),(730,'2025-01-22 15:24:47','PRO-163 Parrilla 1 T2',2,17.000,1.000,'FRANK',1),(731,'2025-01-22 15:24:47','PRO-163 Parrilla 1 T2',4,17.000,1.000,'FRANK',2),(732,'2025-01-22 19:57:54','PRO-164',3,880.000,0.000,'FRANK',2),(733,'2025-01-22 19:58:37','PRO-164 Parrilla 2 T2',1,16.000,1.000,'FRANK',1),(734,'2025-01-22 19:58:37','PRO-164 Parrilla 2 T2',2,17.000,1.000,'FRANK',1),(735,'2025-01-22 19:58:37','PRO-164 Parrilla 2 T2',4,17.000,1.000,'FRANK',2),(736,'2025-01-22 20:00:50','PRO-165',3,960.000,0.000,'FRANK',2),(737,'2025-01-22 20:01:15','PRO-165 Parrilla 1 T1',1,23.000,1.000,'FRANK',1),(738,'2025-01-22 20:01:15','PRO-165 Parrilla 1 T1',2,17.000,1.000,'FRANK',1),(739,'2025-01-22 20:01:15','PRO-165 Parrilla 1 T1',4,17.000,1.000,'FRANK',2),(740,'2025-01-22 20:01:47','PRO-166',3,960.000,0.000,'FRANK',2),(741,'2025-01-22 20:02:09','PRO-166 Parrilla 2 T2',1,23.000,1.000,'FRANK',1),(742,'2025-01-22 20:02:09','PRO-166 Parrilla 2 T2',2,17.000,1.000,'FRANK',1),(743,'2025-01-22 20:02:09','PRO-166 Parrilla 2 T2',4,17.000,1.000,'FRANK',2),(744,'2025-01-22 20:02:28','PRO-167',3,880.000,0.000,'FRANK',2),(745,'2025-01-22 20:02:52','PRO-167 Parrilla 3 T1',1,15.000,1.000,'FRANK',1),(746,'2025-01-22 20:02:52','PRO-167 Parrilla 3 T1',2,16.000,1.000,'FRANK',1),(747,'2025-01-22 20:02:52','PRO-167 Parrilla 3 T1',4,16.000,1.000,'FRANK',2),(748,'2025-01-22 20:04:23','PRO-168',3,960.000,0.000,'FRANK',2),(749,'2025-01-22 20:04:50','PRO-168 Parrilla 1 T2',1,3.000,1.000,'FRANK',1),(750,'2025-01-22 20:04:50','PRO-168 Parrilla 1 T2',2,17.000,1.000,'FRANK',1),(751,'2025-01-22 20:04:50','PRO-168 Parrilla 1 T2',4,17.000,1.000,'FRANK',2),(752,'2025-01-22 20:05:10','PRO-169',3,880.000,0.000,'FRANK',2),(753,'2025-01-22 20:05:41','PRO-169 Parrilla 2 T2',1,13.000,1.000,'FRANK',1),(754,'2025-01-22 20:05:41','PRO-169 Parrilla 2 T2',2,16.000,1.000,'FRANK',1),(755,'2025-01-22 20:05:41','PRO-169 Parrilla 2 T2',4,16.000,1.000,'FRANK',2),(756,'2025-01-22 20:40:59','PRO-170',3,1040.000,0.000,'FRANK',2),(757,'2025-01-22 20:41:39','PRO-171',3,960.000,0.000,'FRANK',2),(758,'2025-01-22 20:41:52','PRO-172',3,880.000,0.000,'FRANK',2),(759,'2025-01-22 20:43:40','PRO-170 Parrilla 1 T1',1,21.000,1.000,'FRANK',1),(760,'2025-01-22 20:43:40','PRO-170 Parrilla 1 T1',2,19.000,1.000,'FRANK',1),(761,'2025-01-22 20:43:40','PRO-170 Parrilla 1 T1',4,19.000,1.000,'FRANK',2),(762,'2025-01-22 20:43:59','PRO-171 Parrilla 2 T1',1,0.000,1.000,'FRANK',1),(763,'2025-01-22 20:43:59','PRO-171 Parrilla 2 T1',2,20.000,1.000,'FRANK',1),(764,'2025-01-22 20:43:59','PRO-171 Parrilla 2 T1',4,20.000,1.000,'FRANK',2),(765,'2025-01-22 20:52:07','PRO-172 Parrilla 3 T1',1,15.000,1.000,'FRANK',1),(766,'2025-01-22 20:52:07','PRO-172 Parrilla 3 T1',2,16.000,1.000,'FRANK',1),(767,'2025-01-22 20:52:07','PRO-172 Parrilla 3 T1',4,16.000,1.000,'FRANK',2),(768,'2025-01-22 20:53:54','PRO-173',3,960.000,0.000,'FRANK',2),(769,'2025-01-22 20:54:12','PRO-174',3,960.000,0.000,'FRANK',2),(770,'2025-01-22 20:54:48','PRO-173 Parrilla 1 T2',1,10.000,1.000,'FRANK',1),(771,'2025-01-22 20:54:48','PRO-173 Parrilla 1 T2',2,18.000,1.000,'FRANK',1),(772,'2025-01-22 20:54:48','PRO-173 Parrilla 1 T2',4,18.000,1.000,'FRANK',2),(773,'2025-01-22 20:55:33','PRO-174 Parrilla 2 T2',1,21.000,1.000,'FRANK',1),(774,'2025-01-22 20:55:33','PRO-174 Parrilla 2 T2',2,16.000,1.000,'FRANK',1),(775,'2025-01-22 20:55:33','PRO-174 Parrilla 2 T2',4,16.000,1.000,'FRANK',2),(776,'2025-01-22 20:56:32','PRO-175',3,800.000,0.000,'FRANK',2),(777,'2025-01-22 20:59:45','PRO-176',3,0.000,0.000,'FRANK',2),(778,'2025-01-22 21:00:03','PRO-176 Parrilla 2 T1',1,0.000,1.000,'FRANK',1),(779,'2025-01-22 21:00:04','PRO-176 Parrilla 2 T1',2,0.000,1.000,'FRANK',1),(780,'2025-01-22 21:00:04','PRO-176 Parrilla 2 T1',4,0.000,1.000,'FRANK',2),(781,'2025-01-22 21:00:46','PRO-177',3,800.000,0.000,'FRANK',2),(782,'2025-01-22 21:01:08','PRO-178',3,800.000,0.000,'FRANK',2),(783,'2025-01-22 21:01:37','PRO-175 Parrilla 1 T1',1,13.000,1.000,'FRANK',1),(784,'2025-01-22 21:01:37','PRO-175 Parrilla 1 T1',2,15.000,1.000,'FRANK',1),(785,'2025-01-22 21:01:37','PRO-175 Parrilla 1 T1',4,15.000,1.000,'FRANK',2),(786,'2025-01-22 21:01:57','PRO-177 Parrilla 2 T1',1,13.000,1.000,'FRANK',1),(787,'2025-01-22 21:01:57','PRO-177 Parrilla 2 T1',2,15.000,1.000,'FRANK',1),(788,'2025-01-22 21:01:57','PRO-177 Parrilla 2 T1',4,15.000,1.000,'FRANK',2),(789,'2025-01-22 21:02:13','PRO-178 Parrilla 3 T1',1,7.000,1.000,'FRANK',1),(790,'2025-01-22 21:02:13','PRO-178 Parrilla 3 T1',2,17.000,1.000,'FRANK',1),(791,'2025-01-22 21:02:13','PRO-178 Parrilla 3 T1',4,17.000,1.000,'FRANK',2),(792,'2025-01-22 21:02:44','PRO-179',3,960.000,0.000,'FRANK',2),(793,'2025-01-22 21:02:59','PRO-180',3,960.000,0.000,'FRANK',2),(794,'2025-01-22 21:03:42','PRO-179 Parrilla 1 T2',1,12.000,1.000,'FRANK',1),(795,'2025-01-22 21:03:42','PRO-179 Parrilla 1 T2',2,18.000,1.000,'FRANK',1),(796,'2025-01-22 21:03:42','PRO-179 Parrilla 1 T2',4,18.000,1.000,'FRANK',2),(797,'2025-01-22 21:04:17','PRO-180 Parrilla 2 T2',1,0.000,1.000,'FRANK',1),(798,'2025-01-22 21:04:17','PRO-180 Parrilla 2 T2',2,18.000,1.000,'FRANK',1),(799,'2025-01-22 21:04:17','PRO-180 Parrilla 2 T2',4,18.000,1.000,'FRANK',2),(800,'2025-01-22 21:06:56','PRO-181',3,800.000,0.000,'FRANK',2),(801,'2025-01-22 21:07:09','PRO-182',3,800.000,0.000,'FRANK',2),(802,'2025-01-22 21:07:27','PRO-183',3,800.000,0.000,'FRANK',2),(803,'2025-01-22 21:07:48','PRO-181 Parrilla 1 T1',1,12.000,1.000,'FRANK',1),(804,'2025-01-22 21:07:48','PRO-181 Parrilla 1 T1',2,14.000,1.000,'FRANK',1),(805,'2025-01-22 21:07:48','PRO-181 Parrilla 1 T1',4,14.000,1.000,'FRANK',2),(806,'2025-01-22 21:08:02','PRO-182 Parrilla 2 T1',1,11.000,1.000,'FRANK',1),(807,'2025-01-22 21:08:02','PRO-182 Parrilla 2 T1',2,14.000,1.000,'FRANK',1),(808,'2025-01-22 21:08:02','PRO-182 Parrilla 2 T1',4,14.000,1.000,'FRANK',2),(809,'2025-01-22 21:08:15','PRO-183 Parrilla 3 T1',1,2.000,1.000,'FRANK',1),(810,'2025-01-22 21:08:15','PRO-183 Parrilla 3 T1',2,16.000,1.000,'FRANK',1),(811,'2025-01-22 21:08:15','PRO-183 Parrilla 3 T1',4,16.000,1.000,'FRANK',2),(812,'2025-01-24 11:01:30','PRO-184',3,400.000,0.000,'FRANK',2),(813,'2025-01-24 11:01:51','PRO-184 Parrilla 1 T1',1,7.000,1.000,'FRANK',1),(814,'2025-01-24 11:01:51','PRO-184 Parrilla 1 T1',2,7.000,1.000,'FRANK',1),(815,'2025-01-24 11:01:51','PRO-184 Parrilla 1 T1',4,7.000,1.000,'FRANK',2),(816,'2025-01-24 11:02:11','PRO-185',3,400.000,0.000,'FRANK',2),(817,'2025-01-24 11:02:29','PRO-185 Parrilla 2 T1',1,6.000,1.000,'FRANK',1),(818,'2025-01-24 11:02:29','PRO-185 Parrilla 2 T1',2,7.000,1.000,'FRANK',1),(819,'2025-01-24 11:02:29','PRO-185 Parrilla 2 T1',4,7.000,1.000,'FRANK',2),(820,'2025-01-24 11:02:55','PRO-186',3,640.000,0.000,'FRANK',2),(821,'2025-01-24 11:03:20','PRO-186 Parrilla 1 T2',1,3.000,1.000,'FRANK',1),(822,'2025-01-24 11:03:20','PRO-186 Parrilla 1 T2',2,14.000,1.000,'FRANK',1),(823,'2025-01-24 11:03:20','PRO-186 Parrilla 1 T2',4,14.000,1.000,'FRANK',2),(824,'2025-01-24 11:04:34','PRO-187',3,640.000,0.000,'FRANK',2),(825,'2025-01-24 11:04:47','PRO-187 Parrilla 2 T2',1,0.000,1.000,'FRANK',1),(826,'2025-01-24 11:04:47','PRO-187 Parrilla 2 T2',2,14.000,1.000,'FRANK',1),(827,'2025-01-24 11:04:47','PRO-187 Parrilla 2 T2',4,14.000,1.000,'FRANK',2),(828,'2025-01-24 11:05:05','PRO-188',3,800.000,0.000,'FRANK',2),(829,'2025-01-24 11:05:20','PRO-188 Parrilla 3 T1',1,8.000,1.000,'FRANK',1),(830,'2025-01-24 11:05:20','PRO-188 Parrilla 3 T1',2,15.000,1.000,'FRANK',1),(831,'2025-01-24 11:05:20','PRO-188 Parrilla 3 T1',4,15.000,1.000,'FRANK',2),(832,'2025-01-24 12:58:20','PRO-189',3,880.000,0.000,'FRANK',2),(833,'2025-01-24 12:58:52','PRO-189 Parrilla 1 T1',1,1.000,1.000,'FRANK',1),(834,'2025-01-24 12:58:52','PRO-189 Parrilla 1 T1',2,17.000,1.000,'FRANK',1),(835,'2025-01-24 12:58:52','PRO-189 Parrilla 1 T1',4,17.000,1.000,'FRANK',2),(836,'2025-01-24 12:59:12','PRO-190',3,880.000,0.000,'FRANK',2),(837,'2025-01-24 12:59:27','PRO-190 Parrilla 2 T1',1,0.000,1.000,'FRANK',1),(838,'2025-01-24 12:59:27','PRO-190 Parrilla 2 T1',2,17.000,1.000,'FRANK',1),(839,'2025-01-24 12:59:27','PRO-190 Parrilla 2 T1',4,17.000,1.000,'FRANK',2),(840,'2025-01-24 12:59:49','PRO-191',3,800.000,0.000,'FRANK',2),(841,'2025-01-24 13:00:10','PRO-191 Parrilla 1 T2',1,13.000,1.000,'FRANK',1),(842,'2025-01-24 13:00:10','PRO-191 Parrilla 1 T2',2,15.000,1.000,'FRANK',1),(843,'2025-01-24 13:00:10','PRO-191 Parrilla 1 T2',4,15.000,1.000,'FRANK',2),(844,'2025-01-24 13:00:28','PRO-192',3,800.000,0.000,'FRANK',2),(845,'2025-01-24 13:00:41','PRO-192 Parrilla 2 T2',1,0.000,1.000,'FRANK',1),(846,'2025-01-24 13:00:41','PRO-192 Parrilla 2 T2',2,15.000,1.000,'FRANK',1),(847,'2025-01-24 13:00:41','PRO-192 Parrilla 2 T2',4,15.000,1.000,'FRANK',2),(848,'2025-01-24 13:01:01','PRO-193',3,800.000,0.000,'FRANK',2),(849,'2025-01-24 13:01:25','PRO-193 Parrilla 3 T1',1,11.000,1.000,'FRANK',1),(850,'2025-01-24 13:01:25','PRO-193 Parrilla 3 T1',2,15.000,1.000,'FRANK',1),(851,'2025-01-24 13:01:25','PRO-193 Parrilla 3 T1',4,15.000,1.000,'FRANK',2),(852,'2025-01-24 13:03:18','PRO-194',3,1040.000,0.000,'FRANK',2),(853,'2025-01-24 13:03:38','PRO-194 Parrilla 1 T1',1,15.000,1.000,'FRANK',1),(854,'2025-01-24 13:03:38','PRO-194 Parrilla 1 T1',2,19.000,1.000,'FRANK',1),(855,'2025-01-24 13:03:38','PRO-194 Parrilla 1 T1',4,19.000,1.000,'FRANK',2),(856,'2025-01-24 13:05:18','PRO-195',3,1040.000,0.000,'FRANK',2),(857,'2025-01-24 13:05:44','PRO-195 Parrilla 2 T1',1,15.000,1.000,'FRANK',1),(858,'2025-01-24 13:05:44','PRO-195 Parrilla 2 T1',2,19.000,1.000,'FRANK',1),(859,'2025-01-24 13:05:44','PRO-195 Parrilla 2 T1',4,19.000,1.000,'FRANK',2),(860,'2025-01-24 13:07:31','PRO-196',3,960.000,0.000,'FRANK',2),(861,'2025-01-24 13:07:55','PRO-196 Parrilla 1 T2',1,11.000,1.000,'FRANK',1),(862,'2025-01-24 13:07:55','PRO-196 Parrilla 1 T2',2,18.000,1.000,'FRANK',1),(863,'2025-01-24 13:07:55','PRO-196 Parrilla 1 T2',4,18.000,1.000,'FRANK',2),(864,'2025-01-24 13:11:08','PRO-197',3,800.000,0.000,'FRANK',2),(865,'2025-01-24 13:11:58','PRO-197 Parrilla 2 T2',1,9.000,1.000,'FRANK',1),(866,'2025-01-24 13:11:58','PRO-197 Parrilla 2 T2',2,18.000,1.000,'FRANK',1),(867,'2025-01-24 13:11:58','PRO-197 Parrilla 2 T2',4,18.000,1.000,'FRANK',2),(868,'2025-01-24 13:12:22','PRO-198',3,160.000,0.000,'FRANK',2),(869,'2025-01-24 13:13:51','PRO-198 Parrilla 2 T2',1,0.000,1.000,'FRANK',1),(870,'2025-01-24 13:13:51','PRO-198 Parrilla 2 T2',2,0.000,1.000,'FRANK',1),(871,'2025-01-24 13:13:51','PRO-198 Parrilla 2 T2',4,0.000,1.000,'FRANK',2),(872,'2025-01-24 13:14:18','PRO-199',3,800.000,0.000,'FRANK',2),(873,'2025-01-24 13:14:27','PRO-199 Parrilla 3 T1',1,0.000,1.000,'FRANK',1),(874,'2025-01-24 13:14:27','PRO-199 Parrilla 3 T1',2,15.000,1.000,'FRANK',1),(875,'2025-01-24 13:14:27','PRO-199 Parrilla 3 T1',4,15.000,1.000,'FRANK',2),(876,'2025-01-24 13:14:58','PRO-200',3,800.000,0.000,'FRANK',2),(877,'2025-01-24 13:15:11','PRO-200 Parrilla 1 T1',1,0.000,1.000,'FRANK',1),(878,'2025-01-24 13:15:11','PRO-200 Parrilla 1 T1',2,15.000,1.000,'FRANK',1),(879,'2025-01-24 13:15:11','PRO-200 Parrilla 1 T1',4,15.000,1.000,'FRANK',2),(880,'2025-01-24 13:15:54','PRO-201',3,961.000,0.000,'FRANK',2),(881,'2025-01-24 13:16:12','PRO-201 Parrilla 2 T1',1,8.000,1.000,'FRANK',1),(882,'2025-01-24 13:16:12','PRO-201 Parrilla 2 T1',2,18.000,1.000,'FRANK',1),(883,'2025-01-24 13:16:12','PRO-201 Parrilla 2 T1',4,18.000,1.000,'FRANK',2),(884,'2025-01-24 13:16:31','PRO-202',3,960.000,0.000,'FRANK',2),(885,'2025-01-24 13:16:53','PRO-202 Parrilla 1 T1',1,19.000,1.000,'FRANK',1),(886,'2025-01-24 13:16:53','PRO-202 Parrilla 1 T1',2,18.000,1.000,'FRANK',1),(887,'2025-01-24 13:16:53','PRO-202 Parrilla 1 T1',4,18.000,1.000,'FRANK',2),(888,'2025-01-24 13:17:15','PRO-203',3,960.000,0.000,'FRANK',2),(889,'2025-01-24 13:17:34','PRO-204',3,800.000,0.000,'FRANK',2),(890,'2025-01-24 13:17:53','PRO-203 Parrilla 2 T2',1,20.000,1.000,'FRANK',1),(891,'2025-01-24 13:17:53','PRO-203 Parrilla 2 T2',2,18.000,1.000,'FRANK',1),(892,'2025-01-24 13:17:53','PRO-203 Parrilla 2 T2',4,18.000,1.000,'FRANK',2),(893,'2025-01-24 13:18:10','PRO-204 Parrilla 3 T1',1,19.000,1.000,'FRANK',1),(894,'2025-01-24 13:18:10','PRO-204 Parrilla 3 T1',2,15.000,1.000,'FRANK',1),(895,'2025-01-24 13:18:10','PRO-204 Parrilla 3 T1',4,15.000,1.000,'FRANK',2),(896,'2025-01-24 13:18:43','PRO-205',3,960.000,0.000,'FRANK',2),(897,'2025-01-24 13:18:54','PRO-205 Parrilla 1 T1',1,0.000,1.000,'FRANK',1),(898,'2025-01-24 13:18:54','PRO-205 Parrilla 1 T1',2,19.000,1.000,'FRANK',1),(899,'2025-01-24 13:18:54','PRO-205 Parrilla 1 T1',4,19.000,1.000,'FRANK',2),(900,'2025-01-24 13:19:11','PRO-206',3,960.000,0.000,'FRANK',2),(901,'2025-01-24 13:19:30','PRO-206 Parrilla 2 T1',1,23.000,1.000,'FRANK',1),(902,'2025-01-24 13:19:30','PRO-206 Parrilla 2 T1',2,18.000,1.000,'FRANK',1),(903,'2025-01-24 13:19:30','PRO-206 Parrilla 2 T1',4,18.000,1.000,'FRANK',2),(904,'2025-01-24 13:19:53','PRO-207',3,640.000,0.000,'FRANK',2),(905,'2025-01-24 13:20:13','PRO-207 Parrilla 1 T1',1,15.000,1.000,'FRANK',1),(906,'2025-01-24 13:20:13','PRO-207 Parrilla 1 T1',2,10.000,1.000,'FRANK',1),(907,'2025-01-24 13:20:13','PRO-207 Parrilla 1 T1',4,10.000,1.000,'FRANK',2),(908,'2025-01-24 13:20:36','PRO-208',3,640.000,0.000,'FRANK',2),(909,'2025-01-24 13:20:56','PRO-208 Parrilla 2 T2',1,16.000,1.000,'FRANK',1),(910,'2025-01-24 13:20:56','PRO-208 Parrilla 2 T2',2,10.000,1.000,'FRANK',1),(911,'2025-01-24 13:20:56','PRO-208 Parrilla 2 T2',4,10.000,1.000,'FRANK',2),(912,'2025-01-24 13:21:12','PRO-209',3,480.000,0.000,'FRANK',2),(913,'2025-01-24 13:21:30','PRO-209 Parrilla 3 T1',1,4.000,1.000,'FRANK',1),(914,'2025-01-24 13:21:30','PRO-209 Parrilla 3 T1',2,9.000,1.000,'FRANK',1),(915,'2025-01-24 13:21:30','PRO-209 Parrilla 3 T1',4,9.000,1.000,'FRANK',2),(916,'2025-01-24 15:27:39','PRO-210',3,880.000,0.000,'FRANK',2),(917,'2025-01-24 15:28:05','PRO-211',3,880.000,0.000,'FRANK',2),(918,'2025-01-24 15:28:33','PRO-212',3,960.000,0.000,'FRANK',2),(919,'2025-01-24 15:28:58','PRO-210 Parrilla 1 T1',1,12.000,1.000,'FRANK',1),(920,'2025-01-24 15:28:58','PRO-210 Parrilla 1 T1',2,18.000,1.000,'FRANK',1),(921,'2025-01-24 15:28:58','PRO-210 Parrilla 1 T1',4,18.000,1.000,'FRANK',2),(922,'2025-01-24 15:29:15','PRO-211 Parrilla 2 T1',1,6.000,1.000,'FRANK',1),(923,'2025-01-24 15:29:15','PRO-211 Parrilla 2 T1',2,18.000,1.000,'FRANK',1),(924,'2025-01-24 15:29:15','PRO-211 Parrilla 2 T1',4,18.000,1.000,'FRANK',2),(925,'2025-01-24 15:29:55','PRO-212 Parrilla 3 T1',1,15.000,1.000,'FRANK',1),(926,'2025-01-24 15:29:55','PRO-212 Parrilla 3 T1',2,18.000,1.000,'FRANK',1),(927,'2025-01-24 15:29:55','PRO-212 Parrilla 3 T1',4,18.000,1.000,'FRANK',2),(928,'2025-01-24 15:31:24','PRO-213',3,960.000,0.000,'FRANK',2),(929,'2025-01-24 15:31:44','PRO-214',3,960.000,0.000,'FRANK',2),(930,'2025-01-24 15:32:03','PRO-213 Parrilla 2 T2',1,18.000,1.000,'FRANK',1),(931,'2025-01-24 15:32:03','PRO-213 Parrilla 2 T2',2,19.000,1.000,'FRANK',1),(932,'2025-01-24 15:32:03','PRO-213 Parrilla 2 T2',4,19.000,1.000,'FRANK',2),(933,'2025-01-24 15:32:16','PRO-214 Parrilla 3 T1',1,0.000,1.000,'FRANK',1),(934,'2025-01-24 15:32:16','PRO-214 Parrilla 3 T1',2,17.000,1.000,'FRANK',1),(935,'2025-01-24 15:32:16','PRO-214 Parrilla 3 T1',4,17.000,1.000,'FRANK',2),(936,'2025-01-24 15:33:44','PRO-215',3,960.000,0.000,'FRANK',2),(937,'2025-01-24 15:43:41','PRO-216',3,960.000,0.000,'FRANK',2),(938,'2025-01-24 15:44:52','PRO-215 Parrilla 1 T1',1,14.000,1.000,'FRANK',1),(939,'2025-01-24 15:44:52','PRO-215 Parrilla 1 T1',2,18.000,1.000,'FRANK',1),(940,'2025-01-24 15:44:52','PRO-215 Parrilla 1 T1',4,18.000,1.000,'FRANK',2),(941,'2025-01-24 15:45:27','PRO-216 Parrilla 2 T1',1,13.000,1.000,'FRANK',1),(942,'2025-01-24 15:45:27','PRO-216 Parrilla 2 T1',2,16.000,1.000,'FRANK',1),(943,'2025-01-24 15:45:27','PRO-216 Parrilla 2 T1',4,16.000,1.000,'FRANK',2),(944,'2025-01-24 15:45:48','PRO-217',3,960.000,0.000,'FRANK',2),(945,'2025-01-24 15:46:04','PRO-217 Parrilla 1 T2',1,0.000,1.000,'FRANK',1),(946,'2025-01-24 15:46:04','PRO-217 Parrilla 1 T2',2,18.000,1.000,'FRANK',1),(947,'2025-01-24 15:46:04','PRO-217 Parrilla 1 T2',4,18.000,1.000,'FRANK',2),(948,'2025-01-24 15:46:24','PRO-218',3,960.000,0.000,'FRANK',2),(949,'2025-01-24 15:46:41','PRO-219',3,960.000,0.000,'FRANK',2),(950,'2025-01-24 15:46:56','PRO-218 Parrilla 2 T2',1,0.000,1.000,'FRANK',1),(951,'2025-01-24 15:46:56','PRO-218 Parrilla 2 T2',2,18.000,1.000,'FRANK',1),(952,'2025-01-24 15:46:56','PRO-218 Parrilla 2 T2',4,18.000,1.000,'FRANK',2),(953,'2025-01-24 15:47:17','PRO-219 Parrilla 3 T2',1,12.000,1.000,'FRANK',1),(954,'2025-01-24 15:47:17','PRO-219 Parrilla 3 T2',2,19.000,1.000,'FRANK',1),(955,'2025-01-24 15:47:17','PRO-219 Parrilla 3 T2',4,19.000,1.000,'FRANK',2),(956,'2025-01-24 15:47:33','PRO-220',3,960.000,0.000,'FRANK',2),(957,'2025-01-24 15:47:53','PRO-221',3,960.000,0.000,'FRANK',2),(958,'2025-01-24 15:48:07','PRO-220 Parrilla 1 T1',1,0.000,1.000,'FRANK',1),(959,'2025-01-24 15:48:07','PRO-220 Parrilla 1 T1',2,19.000,1.000,'FRANK',1),(960,'2025-01-24 15:48:07','PRO-220 Parrilla 1 T1',4,19.000,1.000,'FRANK',2),(961,'2025-01-24 15:48:26','PRO-221 Parrilla 2 T2',1,13.000,1.000,'FRANK',1),(962,'2025-01-24 15:48:26','PRO-221 Parrilla 2 T2',2,18.000,1.000,'FRANK',1),(963,'2025-01-24 15:48:26','PRO-221 Parrilla 2 T2',4,18.000,1.000,'FRANK',2),(964,'2025-01-24 15:48:47','PRO-222',3,960.000,0.000,'FRANK',2),(965,'2025-01-24 15:49:03','PRO-222 Parrilla 1 T2',1,20.000,1.000,'FRANK',1),(966,'2025-01-24 15:49:03','PRO-222 Parrilla 1 T2',2,18.000,1.000,'FRANK',1),(967,'2025-01-24 15:49:03','PRO-222 Parrilla 1 T2',4,18.000,1.000,'FRANK',2),(968,'2025-01-24 15:49:25','PRO-223',3,960.000,0.000,'FRANK',2),(969,'2025-01-24 15:49:46','PRO-223 Parrilla 2 T2',1,21.000,1.000,'FRANK',1),(970,'2025-01-24 15:49:46','PRO-223 Parrilla 2 T2',2,18.000,1.000,'FRANK',1),(971,'2025-01-24 15:49:46','PRO-223 Parrilla 2 T2',4,18.000,1.000,'FRANK',2),(972,'2025-01-24 15:50:23','PRO-224',3,960.000,0.000,'FRANK',2),(973,'2025-01-24 15:50:38','PRO-224 Parrilla 3 T2',1,21.000,1.000,'FRANK',1),(974,'2025-01-24 15:50:38','PRO-224 Parrilla 3 T2',2,18.000,1.000,'FRANK',1),(975,'2025-01-24 15:50:38','PRO-224 Parrilla 3 T2',4,18.000,1.000,'FRANK',2),(976,'2025-01-24 15:51:57','PRO-225',3,960.000,0.000,'FRANK',2),(977,'2025-01-24 15:52:20','PRO-225 Parrilla 1 T2',1,0.000,1.000,'FRANK',1),(978,'2025-01-24 15:52:20','PRO-225 Parrilla 1 T2',2,19.000,1.000,'FRANK',1),(979,'2025-01-24 15:52:20','PRO-225 Parrilla 1 T2',4,19.000,1.000,'FRANK',2),(980,'2025-01-24 15:52:47','PRO-226',3,960.000,0.000,'FRANK',2),(981,'2025-01-24 15:53:06','PRO-227',3,880.000,0.000,'FRANK',2),(982,'2025-01-24 15:53:18','PRO-226 Parrilla 2 T1',1,0.000,1.000,'FRANK',1),(983,'2025-01-24 15:53:18','PRO-226 Parrilla 2 T1',2,19.000,1.000,'FRANK',1),(984,'2025-01-24 15:53:18','PRO-226 Parrilla 2 T1',4,19.000,1.000,'FRANK',2),(985,'2025-01-24 15:53:34','PRO-227 Parrilla 1 T2',1,0.000,1.000,'FRANK',1),(986,'2025-01-24 15:53:34','PRO-227 Parrilla 1 T2',2,16.000,1.000,'FRANK',1),(987,'2025-01-24 15:53:34','PRO-227 Parrilla 1 T2',4,16.000,1.000,'FRANK',2),(988,'2025-01-24 15:54:04','PRO-228',3,880.000,0.000,'FRANK',2),(989,'2025-01-24 15:54:17','PRO-229',3,960.000,0.000,'FRANK',2),(990,'2025-01-24 15:54:30','PRO-228 Parrilla 2 T2',1,0.000,1.000,'FRANK',1),(991,'2025-01-24 15:54:30','PRO-228 Parrilla 2 T2',2,16.000,1.000,'FRANK',1),(992,'2025-01-24 15:54:30','PRO-228 Parrilla 2 T2',4,16.000,1.000,'FRANK',2),(993,'2025-01-24 15:54:48','PRO-229 Parrilla 3 T1',1,5.000,1.000,'FRANK',1),(994,'2025-01-24 15:54:48','PRO-229 Parrilla 3 T1',2,19.000,1.000,'FRANK',1),(995,'2025-01-24 15:54:48','PRO-229 Parrilla 3 T1',4,19.000,1.000,'FRANK',2),(996,'2025-01-24 15:55:18','PRO-230',3,880.000,0.000,'FRANK',2),(997,'2025-01-24 15:55:30','PRO-230 Parrilla 1 T1',1,12.000,1.000,'FRANK',1),(998,'2025-01-24 15:55:30','PRO-230 Parrilla 1 T1',2,18.000,1.000,'FRANK',1),(999,'2025-01-24 15:55:30','PRO-230 Parrilla 1 T1',4,18.000,1.000,'FRANK',2),(1000,'2025-01-24 15:55:58','PRO-231',3,880.000,0.000,'FRANK',2),(1001,'2025-01-24 15:56:09','PRO-231 Parrilla 2 T1',1,17.000,1.000,'FRANK',1),(1002,'2025-01-24 15:56:09','PRO-231 Parrilla 2 T1',2,18.000,1.000,'FRANK',1),(1003,'2025-01-24 15:56:09','PRO-231 Parrilla 2 T1',4,18.000,1.000,'FRANK',2),(1004,'2025-01-24 15:56:34','PRO-232',3,800.000,0.000,'FRANK',2),(1005,'2025-01-24 15:56:54','PRO-232 Parrilla 1 T2',1,18.000,1.000,'FRANK',1),(1006,'2025-01-24 15:56:54','PRO-232 Parrilla 1 T2',2,18.000,1.000,'FRANK',1),(1007,'2025-01-24 15:56:54','PRO-232 Parrilla 1 T2',4,18.000,1.000,'FRANK',2),(1008,'2025-01-24 15:57:07','PRO-233',3,800.000,0.000,'FRANK',2),(1009,'2025-01-24 15:58:07','PRO-233 Parrilla 3 T1',1,17.000,1.000,'FRANK',1),(1010,'2025-01-24 15:58:07','PRO-233 Parrilla 3 T1',2,18.000,1.000,'FRANK',1),(1011,'2025-01-24 15:58:07','PRO-233 Parrilla 3 T1',4,18.000,1.000,'FRANK',2),(1012,'2025-01-24 15:58:22','PRO-234',3,720.000,0.000,'FRANK',2),(1013,'2025-01-24 15:58:40','PRO-234 Parrilla 2 T2',1,0.000,1.000,'FRANK',1),(1014,'2025-01-24 15:58:40','PRO-234 Parrilla 2 T2',2,17.000,1.000,'FRANK',1),(1015,'2025-01-24 15:58:40','PRO-234 Parrilla 2 T2',4,17.000,1.000,'FRANK',2),(1016,'2025-01-24 00:00:00','PasoTobo-',1,744.000,1.000,'FRANK',2),(1017,'2025-01-24 00:00:00','PasoTobo-',2,31.000,0.000,'FRANK',1),(1018,'2025-01-24 15:59:01','PasoTobo-',4,31.000,1.000,'FRANK',2),(1019,'2025-01-24 16:01:01','CONTROL-21',4,900.000,0.000,'FRANK',1),(1020,'2025-01-24 16:02:27','FAC-17',2,549.000,1.000,'FRANK',2),(1021,'2025-01-24 16:02:50','FAC-18',2,105.000,1.000,'FRANK',2),(1022,'2025-01-24 16:03:42','CONTROL-24',4,105.000,0.000,'FRANK',1),(1023,'2025-01-24 16:05:56','AJUS-15',3,48400.000,1.000,'FRANK',1),(1024,'2025-01-24 16:07:49','AJUS-16',3,23760.000,1.000,'FRANK',1),(1028,'2025-01-27 00:00:00','PRO-235 Parrilla 1 T1',1,15.000,1.000,'Fabian',1),(1029,'2025-01-27 00:00:00','PRO-235 Parrilla 1 T1',2,5.000,1.000,'Fabian',1),(1030,'2025-01-27 00:00:00','PRO-235 Parrilla 1 T1',4,5.000,1.000,'Fabian',2),(1031,'2025-01-27 00:00:00','PRO-236 Parrilla 2 T1',1,14.000,1.000,'Fabian',1),(1032,'2025-01-27 00:00:00','PRO-236 Parrilla 2 T1',2,5.000,1.000,'Fabian',1),(1033,'2025-01-27 00:00:00','PRO-236 Parrilla 2 T1',4,5.000,1.000,'Fabian',2),(1034,'2025-01-27 00:00:00','PRO-237 Parrilla 3 T1',1,11.000,1.000,'Fabian',1),(1035,'2025-01-27 00:00:00','PRO-237 Parrilla 3 T1',2,5.000,1.000,'Fabian',1),(1036,'2025-01-27 00:00:00','PRO-237 Parrilla 3 T1',4,5.000,1.000,'Fabian',2),(1038,'2025-01-27 00:00:00','PRO-238 Parrilla 1 T2',1,13.000,1.000,'Fabian',1),(1039,'2025-01-27 00:00:00','PRO-238 Parrilla 1 T2',2,9.000,1.000,'Fabian',1),(1040,'2025-01-27 00:00:00','PRO-238 Parrilla 1 T2',4,9.000,1.000,'Fabian',2),(1042,'2025-01-27 00:00:00','PRO-239 Parrilla 2 T2',1,13.000,1.000,'Fabian',1),(1043,'2025-01-27 00:00:00','PRO-239 Parrilla 2 T2',2,9.000,1.000,'Fabian',1),(1044,'2025-01-27 00:00:00','PRO-239 Parrilla 2 T2',4,9.000,1.000,'Fabian',2),(1046,'2025-01-27 00:00:00','PRO-240 Parrilla 3 T2',1,8.000,1.000,'Fabian',1),(1047,'2025-01-27 00:00:00','PRO-240 Parrilla 3 T2',2,9.000,1.000,'Fabian',1),(1048,'2025-01-27 00:00:00','PRO-240 Parrilla 3 T2',4,9.000,1.000,'Fabian',2),(1050,'2025-01-28 00:00:00','PRO-241 Parrilla 1 T1',1,0.000,1.000,'Fabian',1),(1051,'2025-01-28 00:00:00','PRO-241 Parrilla 1 T1',2,8.000,1.000,'Fabian',1),(1052,'2025-01-28 00:00:00','PRO-241 Parrilla 1 T1',4,8.000,1.000,'Fabian',2),(1054,'2025-01-28 00:00:00','PRO-242 Parrilla 2 T1',1,21.000,1.000,'Fabian',1),(1055,'2025-01-28 00:00:00','PRO-242 Parrilla 2 T1',2,7.000,1.000,'Fabian',1),(1056,'2025-01-28 00:00:00','PRO-242 Parrilla 2 T1',4,7.000,1.000,'Fabian',2),(1058,'2025-01-28 00:00:00','PRO-243 Parrilla 3 T1',1,5.000,1.000,'Fabian',1),(1059,'2025-01-28 00:00:00','PRO-243 Parrilla 3 T1',2,5.000,1.000,'Fabian',1),(1060,'2025-01-28 00:00:00','PRO-243 Parrilla 3 T1',4,5.000,1.000,'Fabian',2),(1062,'2025-01-28 00:00:00','PRO-244 Parrilla 1 T2',1,20.000,1.000,'Fabian',1),(1063,'2025-01-28 00:00:00','PRO-244 Parrilla 1 T2',2,10.000,1.000,'Fabian',1),(1064,'2025-01-28 00:00:00','PRO-244 Parrilla 1 T2',4,10.000,1.000,'Fabian',2),(1066,'2025-01-28 00:00:00','PRO-245 Parrilla 2 T2',1,20.000,1.000,'Fabian',1),(1067,'2025-01-28 00:00:00','PRO-245 Parrilla 2 T2',2,10.000,1.000,'Fabian',1),(1068,'2025-01-28 00:00:00','PRO-245 Parrilla 2 T2',4,10.000,1.000,'Fabian',2),(1070,'2025-01-28 00:00:00','PRO-246 Parrilla 3 T2',1,22.000,1.000,'Fabian',1),(1071,'2025-01-28 00:00:00','PRO-246 Parrilla 3 T2',2,10.000,1.000,'Fabian',1),(1072,'2025-01-28 00:00:00','PRO-246 Parrilla 3 T2',4,10.000,1.000,'Fabian',2),(1074,'2025-01-29 00:00:00','PRO-247 Parrilla 1 T1',1,0.000,1.000,'Fabian',1),(1075,'2025-01-29 00:00:00','PRO-247 Parrilla 1 T1',2,11.000,1.000,'Fabian',1),(1076,'2025-01-29 00:00:00','PRO-247 Parrilla 1 T1',4,11.000,1.000,'Fabian',2),(1078,'2025-01-29 00:00:00','PRO-248 Parrilla 2 T1',1,0.000,1.000,'Fabian',1),(1079,'2025-01-29 00:00:00','PRO-248 Parrilla 2 T1',2,11.000,1.000,'Fabian',1),(1080,'2025-01-29 00:00:00','PRO-248 Parrilla 2 T1',4,11.000,1.000,'Fabian',2),(1082,'2025-01-29 00:00:00','PRO-249 Parrilla 3 T1',1,0.000,1.000,'Fabian',1),(1083,'2025-01-29 00:00:00','PRO-249 Parrilla 3 T1',2,11.000,1.000,'Fabian',1),(1084,'2025-01-29 00:00:00','PRO-249 Parrilla 3 T1',4,11.000,1.000,'Fabian',2),(1086,'2025-01-29 00:00:00','PRO-250 Parrilla 1 T2',1,8.000,1.000,'Fabian',1),(1087,'2025-01-29 00:00:00','PRO-250 Parrilla 1 T2',2,12.000,1.000,'Fabian',1),(1088,'2025-01-29 00:00:00','PRO-250 Parrilla 1 T2',4,12.000,1.000,'Fabian',2),(1090,'2025-01-29 00:00:00','PRO-251 Parrilla 2 T2',1,10.000,1.000,'Fabian',1),(1091,'2025-01-29 00:00:00','PRO-251 Parrilla 2 T2',2,12.000,1.000,'Fabian',1),(1092,'2025-01-29 00:00:00','PRO-251 Parrilla 2 T2',4,12.000,1.000,'Fabian',2),(1094,'2025-01-29 00:00:00','PRO-252 Parrilla 3 T2',1,15.000,1.000,'Fabian',1),(1095,'2025-01-29 00:00:00','PRO-252 Parrilla 3 T2',2,13.000,1.000,'Fabian',1),(1096,'2025-01-29 00:00:00','PRO-252 Parrilla 3 T2',4,13.000,1.000,'Fabian',2),(1098,'2025-01-30 00:00:00','PRO-253 Parrilla 1 T1',1,21.000,1.000,'Fabian',1),(1099,'2025-01-30 00:00:00','PRO-253 Parrilla 1 T1',2,7.000,1.000,'Fabian',1),(1100,'2025-01-30 00:00:00','PRO-253 Parrilla 1 T1',4,7.000,1.000,'Fabian',2),(1102,'2025-01-30 00:00:00','PRO-254 Parrilla 2 T1',1,23.000,1.000,'Fabian',1),(1103,'2025-01-30 00:00:00','PRO-254 Parrilla 2 T1',2,7.000,1.000,'Fabian',1),(1104,'2025-01-30 00:00:00','PRO-254 Parrilla 2 T1',4,7.000,1.000,'Fabian',2),(1106,'2025-01-30 00:00:00','PRO-255 Parrilla 3 T1',1,5.000,1.000,'Fabian',1),(1107,'2025-01-30 00:00:00','PRO-255 Parrilla 3 T1',2,8.000,1.000,'Fabian',1),(1108,'2025-01-30 00:00:00','PRO-255 Parrilla 3 T1',4,8.000,1.000,'Fabian',2),(1110,'2025-01-30 00:00:00','PRO-256 Parrilla 1 T2',1,12.000,1.000,'Fabian',1),(1111,'2025-01-30 00:00:00','PRO-256 Parrilla 1 T2',2,16.000,1.000,'Fabian',1),(1112,'2025-01-30 00:00:00','PRO-256 Parrilla 1 T2',4,16.000,1.000,'Fabian',2),(1114,'2025-01-30 00:00:00','PRO-257 Parrilla 2 T2',1,1.000,1.000,'Fabian',1),(1115,'2025-01-30 00:00:00','PRO-257 Parrilla 2 T2',2,15.000,1.000,'Fabian',1),(1116,'2025-01-30 00:00:00','PRO-257 Parrilla 2 T2',4,15.000,1.000,'Fabian',2),(1118,'2025-01-30 00:00:00','PRO-258 Parrilla 3 T2',1,10.000,1.000,'Fabian',1),(1119,'2025-01-30 00:00:00','PRO-258 Parrilla 3 T2',2,16.000,1.000,'Fabian',1),(1120,'2025-01-30 00:00:00','PRO-258 Parrilla 3 T2',4,16.000,1.000,'Fabian',2),(1122,'2025-01-31 00:00:00','PRO-259 Parrilla 1 T1',1,21.000,1.000,'Fabian',1),(1123,'2025-01-31 00:00:00','PRO-259 Parrilla 1 T1',2,7.000,1.000,'Fabian',1),(1124,'2025-01-31 00:00:00','PRO-259 Parrilla 1 T1',4,7.000,1.000,'Fabian',2),(1126,'2025-01-31 00:00:00','PRO-260 Parrilla 2 T1',1,23.000,1.000,'Fabian',1),(1127,'2025-01-31 00:00:00','PRO-260 Parrilla 2 T1',2,7.000,1.000,'Fabian',1),(1128,'2025-01-31 00:00:00','PRO-260 Parrilla 2 T1',4,7.000,1.000,'Fabian',2),(1130,'2025-01-31 00:00:00','PRO-261 Parrilla 3 T1',1,5.000,1.000,'Fabian',1),(1131,'2025-01-31 00:00:00','PRO-261 Parrilla 3 T1',2,8.000,1.000,'Fabian',1),(1132,'2025-01-31 00:00:00','PRO-261 Parrilla 3 T1',4,8.000,1.000,'Fabian',2),(1134,'2025-02-03 00:00:00','PRO-262 Parrilla 1 T1',1,7.000,1.000,'Fabian',1),(1135,'2025-02-03 00:00:00','PRO-262 Parrilla 1 T1',2,16.000,1.000,'Fabian',1),(1136,'2025-02-03 00:00:00','PRO-262 Parrilla 1 T1',4,16.000,1.000,'Fabian',2),(1138,'2025-02-03 00:00:00','PRO-263 Parrilla 2 T1',1,4.000,1.000,'Fabian',1),(1139,'2025-02-03 00:00:00','PRO-263 Parrilla 2 T1',2,16.000,1.000,'Fabian',1),(1140,'2025-02-03 00:00:00','PRO-263 Parrilla 2 T1',4,16.000,1.000,'Fabian',2),(1142,'2025-02-03 00:00:00','PRO-264 Parrilla 3 T1',1,16.000,1.000,'Fabian',1),(1143,'2025-02-03 00:00:00','PRO-264 Parrilla 3 T1',2,14.000,1.000,'Fabian',1),(1144,'2025-02-03 00:00:00','PRO-264 Parrilla 3 T1',4,14.000,1.000,'Fabian',2),(1146,'2025-02-03 00:00:00','PRO-265 Parrilla 1 T2',1,14.000,1.000,'Fabian',1),(1147,'2025-02-03 00:00:00','PRO-265 Parrilla 1 T2',2,14.000,1.000,'Fabian',1),(1148,'2025-02-03 00:00:00','PRO-265 Parrilla 1 T2',4,14.000,1.000,'Fabian',2),(1150,'2025-02-03 00:00:00','PRO-266 Parrilla 2 T2',1,7.000,1.000,'Fabian',1),(1151,'2025-02-03 00:00:00','PRO-266 Parrilla 2 T2',2,11.000,1.000,'Fabian',1),(1152,'2025-02-03 00:00:00','PRO-266 Parrilla 2 T2',4,11.000,1.000,'Fabian',2),(1154,'2025-02-03 00:00:00','PRO-267 Parrilla 3 T2',1,18.000,1.000,'Fabian',1),(1155,'2025-02-03 00:00:00','PRO-267 Parrilla 3 T2',2,11.000,1.000,'Fabian',1),(1156,'2025-02-03 00:00:00','PRO-267 Parrilla 3 T2',4,11.000,1.000,'Fabian',2),(1158,'2025-02-04 00:00:00','PRO-268 Parrilla 1 T1',1,10.000,1.000,'Fabian',1),(1159,'2025-02-04 00:00:00','PRO-268 Parrilla 1 T1',2,10.000,1.000,'Fabian',1),(1160,'2025-02-04 00:00:00','PRO-268 Parrilla 1 T1',4,10.000,1.000,'Fabian',2),(1162,'2025-02-04 00:00:00','PRO-269 Parrilla 2 T1',1,8.000,1.000,'Fabian',1),(1163,'2025-02-04 00:00:00','PRO-269 Parrilla 2 T1',2,12.000,1.000,'Fabian',1),(1164,'2025-02-04 00:00:00','PRO-269 Parrilla 2 T1',4,12.000,1.000,'Fabian',2),(1166,'2025-02-04 00:00:00','PRO-270 Parrilla 1 T2',1,7.000,1.000,'Fabian',1),(1167,'2025-02-04 00:00:00','PRO-270 Parrilla 1 T2',2,15.000,1.000,'Fabian',1),(1168,'2025-02-04 00:00:00','PRO-270 Parrilla 1 T2',4,15.000,1.000,'Fabian',2),(1170,'2025-02-04 00:00:00','PRO-271 Parrilla 2 T2',1,7.000,1.000,'Fabian',1),(1171,'2025-02-04 00:00:00','PRO-271 Parrilla 2 T2',2,15.000,1.000,'Fabian',1),(1172,'2025-02-04 00:00:00','PRO-271 Parrilla 2 T2',4,15.000,1.000,'Fabian',2),(1174,'2025-02-04 00:00:00','PRO-272 Parrilla 3 T2',1,19.000,1.000,'Fabian',1),(1175,'2025-02-04 00:00:00','PRO-272 Parrilla 3 T2',2,17.000,1.000,'Fabian',1),(1176,'2025-02-04 00:00:00','PRO-272 Parrilla 3 T2',4,17.000,1.000,'Fabian',2),(1178,'2025-02-05 00:00:00','PRO-273 Parrilla 1 T1',1,10.000,1.000,'Fabian',1),(1179,'2025-02-05 00:00:00','PRO-273 Parrilla 1 T1',2,15.000,1.000,'Fabian',1),(1180,'2025-02-05 00:00:00','PRO-273 Parrilla 1 T1',4,15.000,1.000,'Fabian',2),(1182,'2025-02-05 00:00:00','PRO-274 Parrilla 2 T1',1,2.000,1.000,'Fabian',1),(1183,'2025-02-05 00:00:00','PRO-274 Parrilla 2 T1',2,15.000,1.000,'Fabian',1),(1184,'2025-02-05 00:00:00','PRO-274 Parrilla 2 T1',4,15.000,1.000,'Fabian',2),(1186,'2025-02-05 00:00:00','PRO-275 Parrilla 3 T1',1,6.000,1.000,'Fabian',1),(1187,'2025-02-05 00:00:00','PRO-275 Parrilla 3 T1',2,14.000,1.000,'Fabian',1),(1188,'2025-02-05 00:00:00','PRO-275 Parrilla 3 T1',4,14.000,1.000,'Fabian',2),(1190,'2025-02-05 00:00:00','PRO-276 Parrilla 1 T2',1,2.000,1.000,'Fabian',1),(1191,'2025-02-05 00:00:00','PRO-276 Parrilla 1 T2',2,16.000,1.000,'Fabian',1),(1192,'2025-02-05 00:00:00','PRO-276 Parrilla 1 T2',4,16.000,1.000,'Fabian',2),(1194,'2025-02-05 00:00:00','PRO-277 Parrilla 2 T2',1,7.000,1.000,'Fabian',1),(1195,'2025-02-05 00:00:00','PRO-277 Parrilla 2 T2',2,17.000,1.000,'Fabian',1),(1196,'2025-02-05 00:00:00','PRO-277 Parrilla 2 T2',4,17.000,1.000,'Fabian',2),(1198,'2025-02-05 00:00:00','PRO-278 Parrilla 3 T2',1,20.000,1.000,'Fabian',1),(1199,'2025-02-05 00:00:00','PRO-278 Parrilla 3 T2',2,16.000,1.000,'Fabian',1),(1200,'2025-02-05 00:00:00','PRO-278 Parrilla 3 T2',4,16.000,1.000,'Fabian',2),(1202,'2025-02-06 00:00:00','PRO-279 Parrilla 1 T1',1,12.000,1.000,'Fabian',1),(1203,'2025-02-06 00:00:00','PRO-279 Parrilla 1 T1',2,16.000,1.000,'Fabian',1),(1204,'2025-02-06 00:00:00','PRO-279 Parrilla 1 T1',4,16.000,1.000,'Fabian',2),(1206,'2025-02-06 00:00:00','PRO-280 Parrilla 2 T1',1,19.000,1.000,'Fabian',1),(1207,'2025-02-06 00:00:00','PRO-280 Parrilla 2 T1',2,13.000,1.000,'Fabian',1),(1208,'2025-02-06 00:00:00','PRO-280 Parrilla 2 T1',4,13.000,1.000,'Fabian',2),(1210,'2025-02-06 00:00:00','PRO-281 Parrilla 3 T1',1,2.000,1.000,'Fabian',1),(1211,'2025-02-06 00:00:00','PRO-281 Parrilla 3 T1',2,15.000,1.000,'Fabian',1),(1212,'2025-02-06 00:00:00','PRO-281 Parrilla 3 T1',4,15.000,1.000,'Fabian',2),(1214,'2025-02-06 00:00:00','PRO-282 Parrilla 1 T2',1,12.000,1.000,'Fabian',1),(1215,'2025-02-06 00:00:00','PRO-282 Parrilla 1 T2',2,18.000,1.000,'Fabian',1),(1216,'2025-02-06 00:00:00','PRO-282 Parrilla 1 T2',4,18.000,1.000,'Fabian',2),(1218,'2025-02-06 00:00:00','PRO-283 Parrilla 2 T2',1,10.000,1.000,'Fabian',1),(1219,'2025-02-06 00:00:00','PRO-283 Parrilla 2 T2',2,17.000,1.000,'Fabian',1),(1220,'2025-02-06 00:00:00','PRO-283 Parrilla 2 T2',4,17.000,1.000,'Fabian',2),(1222,'2025-02-06 00:00:00','PRO-284 Parrilla 3 T2',1,1.000,1.000,'Fabian',1),(1223,'2025-02-06 00:00:00','PRO-284 Parrilla 3 T2',2,17.000,1.000,'Fabian',1),(1224,'2025-02-06 00:00:00','PRO-284 Parrilla 3 T2',4,17.000,1.000,'Fabian',2),(1226,'2025-02-07 00:00:00','PRO-285 Parrilla 1 T1',1,7.000,1.000,'Fabian',1),(1227,'2025-02-07 00:00:00','PRO-285 Parrilla 1 T1',2,16.000,1.000,'Fabian',1),(1228,'2025-02-07 00:00:00','PRO-285 Parrilla 1 T1',4,16.000,1.000,'Fabian',2),(1230,'2025-02-07 00:00:00','PRO-286 Parrilla 2 T1',1,7.000,1.000,'Fabian',1),(1231,'2025-02-07 00:00:00','PRO-286 Parrilla 2 T1',2,14.000,1.000,'Fabian',1),(1232,'2025-02-07 00:00:00','PRO-286 Parrilla 2 T1',4,14.000,1.000,'Fabian',2),(1234,'2025-02-07 00:00:00','PRO-287 Parrilla 3 T1',1,5.000,1.000,'Fabian',1),(1235,'2025-02-07 00:00:00','PRO-287 Parrilla 3 T1',2,14.000,1.000,'Fabian',1),(1236,'2025-02-07 00:00:00','PRO-287 Parrilla 3 T1',4,14.000,1.000,'Fabian',2),(1238,'2025-02-07 00:00:00','PRO-288 Parrilla 1 T2',1,10.000,1.000,'Fabian',1),(1239,'2025-02-07 00:00:00','PRO-288 Parrilla 1 T2',2,18.000,1.000,'Fabian',1),(1240,'2025-02-07 00:00:00','PRO-288 Parrilla 1 T2',4,18.000,1.000,'Fabian',2),(1242,'2025-02-07 00:00:00','PRO-289 Parrilla 2 T2',1,0.000,1.000,'Fabian',1),(1243,'2025-02-07 00:00:00','PRO-289 Parrilla 2 T2',2,17.000,1.000,'Fabian',1),(1244,'2025-02-07 00:00:00','PRO-289 Parrilla 2 T2',4,17.000,1.000,'Fabian',2),(1246,'2025-02-07 00:00:00','PRO-290 Parrilla 3 T2',1,10.000,1.000,'Fabian',1),(1247,'2025-02-07 00:00:00','PRO-290 Parrilla 3 T2',2,18.000,1.000,'Fabian',1),(1248,'2025-02-07 00:00:00','PRO-290 Parrilla 3 T2',4,18.000,1.000,'Fabian',2),(1250,'2025-02-24 00:00:00','PRO-291 Parrilla 1 T1',1,17.000,1.000,'Fabian',1),(1251,'2025-02-24 00:00:00','PRO-291 Parrilla 1 T1',2,10.000,1.000,'Fabian',1),(1252,'2025-02-24 00:00:00','PRO-291 Parrilla 1 T1',4,10.000,1.000,'Fabian',2),(1254,'2025-02-24 00:00:00','PRO-292 Parrilla 2 T1',1,18.000,1.000,'Fabian',1),(1255,'2025-02-24 00:00:00','PRO-292 Parrilla 2 T1',2,10.000,1.000,'Fabian',1),(1256,'2025-02-24 00:00:00','PRO-292 Parrilla 2 T1',4,10.000,1.000,'Fabian',2),(1258,'2025-02-24 00:00:00','PRO-293 Parrilla 3 T1',1,18.000,1.000,'Fabian',1),(1259,'2025-02-24 00:00:00','PRO-293 Parrilla 3 T1',2,10.000,1.000,'Fabian',1),(1260,'2025-02-24 00:00:00','PRO-293 Parrilla 3 T1',4,10.000,1.000,'Fabian',2),(1262,'2025-02-24 00:00:00','PRO-294 Parrilla 1 T2',1,0.000,1.000,'Fabian',1),(1263,'2025-02-24 00:00:00','PRO-294 Parrilla 1 T2',2,15.000,1.000,'Fabian',1),(1264,'2025-02-24 00:00:00','PRO-294 Parrilla 1 T2',4,15.000,1.000,'Fabian',2),(1266,'2025-02-24 00:00:00','PRO-295 Parrilla 2 T2',1,4.000,1.000,'Fabian',1),(1267,'2025-02-24 00:00:00','PRO-295 Parrilla 2 T2',2,15.000,1.000,'Fabian',1),(1268,'2025-02-24 00:00:00','PRO-295 Parrilla 2 T2',4,15.000,1.000,'Fabian',2),(1270,'2025-02-24 00:00:00','PRO-296 Parrilla 3 T2',1,20.000,1.000,'Fabian',1),(1271,'2025-02-24 00:00:00','PRO-296 Parrilla 3 T2',2,14.000,1.000,'Fabian',1),(1272,'2025-02-24 00:00:00','PRO-296 Parrilla 3 T2',4,14.000,1.000,'Fabian',2),(1274,'2025-02-25 00:00:00','PRO-297 Parrilla 1 T1',1,0.000,1.000,'Fabian',1),(1275,'2025-02-25 00:00:00','PRO-297 Parrilla 1 T1',2,14.000,1.000,'Fabian',1),(1276,'2025-02-25 00:00:00','PRO-297 Parrilla 1 T1',4,14.000,1.000,'Fabian',2),(1278,'2025-02-25 00:00:00','PRO-298 Parrilla 2 T1',1,2.000,1.000,'Fabian',1),(1279,'2025-02-25 00:00:00','PRO-298 Parrilla 2 T1',2,14.000,1.000,'Fabian',1),(1280,'2025-02-25 00:00:00','PRO-298 Parrilla 2 T1',4,14.000,1.000,'Fabian',2),(1282,'2025-02-25 00:00:00','PRO-299 Parrilla 3 T1',1,0.000,1.000,'Fabian',1),(1283,'2025-02-25 00:00:00','PRO-299 Parrilla 3 T1',2,14.000,1.000,'Fabian',1),(1284,'2025-02-25 00:00:00','PRO-299 Parrilla 3 T1',4,14.000,1.000,'Fabian',2),(1286,'2025-02-25 00:00:00','PRO-300 Parrilla 1 T2',1,10.000,1.000,'Fabian',1),(1287,'2025-02-25 00:00:00','PRO-300 Parrilla 1 T2',2,15.000,1.000,'Fabian',1),(1288,'2025-02-25 00:00:00','PRO-300 Parrilla 1 T2',4,15.000,1.000,'Fabian',2),(1290,'2025-02-25 00:00:00','PRO-301 Parrilla 2 T2',1,21.000,1.000,'Fabian',1),(1291,'2025-02-25 00:00:00','PRO-301 Parrilla 2 T2',2,14.000,1.000,'Fabian',1),(1292,'2025-02-25 00:00:00','PRO-301 Parrilla 2 T2',4,14.000,1.000,'Fabian',2),(1294,'2025-02-25 00:00:00','PRO-302 Parrilla 3 T2',1,12.000,1.000,'Fabian',1),(1295,'2025-02-25 00:00:00','PRO-302 Parrilla 3 T2',2,13.000,1.000,'Fabian',1),(1296,'2025-02-25 00:00:00','PRO-302 Parrilla 3 T2',4,13.000,1.000,'Fabian',2),(1298,'2025-02-26 00:00:00','PRO-303 Parrilla 1 T1',1,10.000,1.000,'Fabian',1),(1299,'2025-02-26 00:00:00','PRO-303 Parrilla 1 T1',2,16.000,1.000,'Fabian',1),(1300,'2025-02-26 00:00:00','PRO-303 Parrilla 1 T1',4,16.000,1.000,'Fabian',2),(1302,'2025-02-26 00:00:00','PRO-304 Parrilla 2 T1',1,14.000,1.000,'Fabian',1),(1303,'2025-02-26 00:00:00','PRO-304 Parrilla 2 T1',2,16.000,1.000,'Fabian',1),(1304,'2025-02-26 00:00:00','PRO-304 Parrilla 2 T1',4,16.000,1.000,'Fabian',2),(1306,'2025-02-26 00:00:00','PRO-305 Parrilla 3 T1',1,10.000,1.000,'Fabian',1),(1307,'2025-02-26 00:00:00','PRO-305 Parrilla 3 T1',2,16.000,1.000,'Fabian',1),(1308,'2025-02-26 00:00:00','PRO-305 Parrilla 3 T1',4,16.000,1.000,'Fabian',2),(1310,'2025-02-26 00:00:00','PRO-306 Parrilla 1 T2',1,18.000,1.000,'Fabian',1),(1311,'2025-02-26 00:00:00','PRO-306 Parrilla 1 T2',2,15.000,1.000,'Fabian',1),(1312,'2025-02-26 00:00:00','PRO-306 Parrilla 1 T2',4,15.000,1.000,'Fabian',2),(1314,'2025-02-26 00:00:00','PRO-307 Parrilla 2 T2',1,11.000,1.000,'Fabian',1),(1315,'2025-02-26 00:00:00','PRO-307 Parrilla 2 T2',2,15.000,1.000,'Fabian',1),(1316,'2025-02-26 00:00:00','PRO-307 Parrilla 2 T2',4,15.000,1.000,'Fabian',2),(1318,'2025-02-26 00:00:00','PRO-308 Parrilla 3 T2',1,7.000,1.000,'Fabian',1),(1319,'2025-02-26 00:00:00','PRO-308 Parrilla 3 T2',2,15.000,1.000,'Fabian',1),(1320,'2025-02-26 00:00:00','PRO-308 Parrilla 3 T2',4,15.000,1.000,'Fabian',2),(1322,'2025-02-27 00:00:00','PRO-309 Parrilla 1 T1',1,15.000,1.000,'Fabian',1),(1323,'2025-02-27 00:00:00','PRO-309 Parrilla 1 T1',2,16.000,1.000,'Fabian',1),(1324,'2025-02-27 00:00:00','PRO-309 Parrilla 1 T1',4,16.000,1.000,'Fabian',2),(1326,'2025-02-27 00:00:00','PRO-310 Parrilla 2 T1',1,4.000,1.000,'Fabian',1),(1327,'2025-02-27 00:00:00','PRO-310 Parrilla 2 T1',2,18.000,1.000,'Fabian',1),(1328,'2025-02-27 00:00:00','PRO-310 Parrilla 2 T1',4,18.000,1.000,'Fabian',2),(1330,'2025-02-27 00:00:00','PRO-311 Parrilla 3 T1',1,10.000,1.000,'Fabian',1),(1331,'2025-02-27 00:00:00','PRO-311 Parrilla 3 T1',2,16.000,1.000,'Fabian',1),(1332,'2025-02-27 00:00:00','PRO-311 Parrilla 3 T1',4,16.000,1.000,'Fabian',2),(1334,'2025-02-27 00:00:00','PRO-312 Parrilla 1 T2',1,12.000,1.000,'Fabian',1),(1335,'2025-02-27 00:00:00','PRO-312 Parrilla 1 T2',2,16.000,1.000,'Fabian',1),(1336,'2025-02-27 00:00:00','PRO-312 Parrilla 1 T2',4,16.000,1.000,'Fabian',2),(1338,'2025-02-27 00:00:00','PRO-313 Parrilla 2 T2',1,13.000,1.000,'Fabian',1),(1339,'2025-02-27 00:00:00','PRO-313 Parrilla 2 T2',2,16.000,1.000,'Fabian',1),(1340,'2025-02-27 00:00:00','PRO-313 Parrilla 2 T2',4,16.000,1.000,'Fabian',2),(1342,'2025-02-27 00:00:00','PRO-314 Parrilla 3 T2',1,12.000,1.000,'Fabian',1),(1343,'2025-02-27 00:00:00','PRO-314 Parrilla 3 T2',2,16.000,1.000,'Fabian',1),(1344,'2025-02-27 00:00:00','PRO-314 Parrilla 3 T2',4,16.000,1.000,'Fabian',2),(1346,'2025-02-28 00:00:00','PRO-315 Parrilla 1 T1',1,17.000,1.000,'Fabian',1),(1347,'2025-02-28 00:00:00','PRO-315 Parrilla 1 T1',2,2.000,1.000,'Fabian',1),(1348,'2025-02-28 00:00:00','PRO-315 Parrilla 1 T1',4,2.000,1.000,'Fabian',2),(1350,'2025-02-28 00:00:00','PRO-316 Parrilla 2 T1',1,16.000,1.000,'Fabian',1),(1351,'2025-02-28 00:00:00','PRO-316 Parrilla 2 T1',2,2.000,1.000,'Fabian',1),(1352,'2025-02-28 00:00:00','PRO-316 Parrilla 2 T1',4,2.000,1.000,'Fabian',2),(1354,'2025-02-28 00:00:00','PRO-317 Parrilla 3 T1',1,5.000,1.000,'Fabian',1),(1355,'2025-02-28 00:00:00','PRO-317 Parrilla 3 T1',2,5.000,1.000,'Fabian',1),(1356,'2025-02-28 00:00:00','PRO-317 Parrilla 3 T1',4,5.000,1.000,'Fabian',2),(1358,'2025-02-28 00:00:00','PRO-318 Parrilla 1 T2',1,10.000,1.000,'Fabian',1),(1359,'2025-02-28 00:00:00','PRO-318 Parrilla 1 T2',2,16.000,1.000,'Fabian',1),(1360,'2025-02-28 00:00:00','PRO-318 Parrilla 1 T2',4,16.000,1.000,'Fabian',2),(1362,'2025-02-28 00:00:00','PRO-319 Parrilla 2 T2',1,11.000,1.000,'Fabian',1),(1363,'2025-02-28 00:00:00','PRO-319 Parrilla 2 T2',2,15.000,1.000,'Fabian',1),(1364,'2025-02-28 00:00:00','PRO-319 Parrilla 2 T2',4,15.000,1.000,'Fabian',2),(1366,'2025-02-28 00:00:00','PRO-320 Parrilla 3 T2',1,0.000,1.000,'Fabian',1),(1367,'2025-02-28 00:00:00','PRO-320 Parrilla 3 T2',2,14.000,1.000,'Fabian',1),(1368,'2025-02-28 00:00:00','PRO-320 Parrilla 3 T2',4,14.000,1.000,'Fabian',2),(1373,'2025-03-03 00:00:00','PRO-321 Parrilla 2 T1',1,15.000,1.000,'Fabian',1),(1374,'2025-03-03 00:00:00','PRO-321 Parrilla 2 T1',2,12.000,1.000,'Fabian',1),(1375,'2025-03-03 00:00:00','PRO-321 Parrilla 2 T1',4,12.000,1.000,'Fabian',2),(1377,'2025-03-03 00:00:00','PRO-322 Parrilla 3 T1',1,7.000,1.000,'Fabian',1),(1378,'2025-03-03 00:00:00','PRO-322 Parrilla 3 T1',2,12.000,1.000,'Fabian',1),(1379,'2025-03-03 00:00:00','PRO-322 Parrilla 3 T1',4,12.000,1.000,'Fabian',2),(1381,'2025-03-03 00:00:00','PRO-323 Parrilla 2 T2',1,21.000,1.000,'Fabian',1),(1382,'2025-03-03 00:00:00','PRO-323 Parrilla 2 T2',2,14.000,1.000,'Fabian',1),(1383,'2025-03-03 00:00:00','PRO-323 Parrilla 2 T2',4,14.000,1.000,'Fabian',2),(1385,'2025-03-03 00:00:00','PRO-324 Parrilla 3 T2',1,19.000,1.000,'Fabian',1),(1386,'2025-03-03 00:00:00','PRO-324 Parrilla 3 T2',2,13.000,1.000,'Fabian',1),(1387,'2025-03-03 00:00:00','PRO-324 Parrilla 3 T2',4,13.000,1.000,'Fabian',2),(1389,'2025-03-04 00:00:00','PRO-325 Parrilla 2 T1',1,22.000,1.000,'Fabian',1),(1390,'2025-03-04 00:00:00','PRO-325 Parrilla 2 T1',2,13.000,1.000,'Fabian',1),(1391,'2025-03-04 00:00:00','PRO-325 Parrilla 2 T1',4,13.000,1.000,'Fabian',2),(1393,'2025-03-04 00:00:00','PRO-326 Parrilla 3 T1',1,15.000,1.000,'Fabian',1),(1394,'2025-03-04 00:00:00','PRO-326 Parrilla 3 T1',2,12.000,1.000,'Fabian',1),(1395,'2025-03-04 00:00:00','PRO-326 Parrilla 3 T1',4,12.000,1.000,'Fabian',2),(1397,'2025-03-04 00:00:00','PRO-327 Parrilla 2 T2',1,2.000,1.000,'Fabian',1),(1398,'2025-03-04 00:00:00','PRO-327 Parrilla 2 T2',2,15.000,1.000,'Fabian',1),(1399,'2025-03-04 00:00:00','PRO-327 Parrilla 2 T2',4,15.000,1.000,'Fabian',2),(1401,'2025-03-04 00:00:00','PRO-328 Parrilla 3 T2',1,13.000,1.000,'Fabian',1),(1402,'2025-03-04 00:00:00','PRO-328 Parrilla 3 T2',2,13.000,1.000,'Fabian',1),(1403,'2025-03-04 00:00:00','PRO-328 Parrilla 3 T2',4,13.000,1.000,'Fabian',2),(1405,'2025-03-05 00:00:00','PRO-329 Parrilla 2 T1',1,6.000,1.000,'Fabian',1),(1406,'2025-03-05 00:00:00','PRO-329 Parrilla 2 T1',2,13.000,1.000,'Fabian',1),(1407,'2025-03-05 00:00:00','PRO-329 Parrilla 2 T1',4,13.000,1.000,'Fabian',2),(1409,'2025-03-05 00:00:00','PRO-330 Parrilla 3 T1',1,22.000,1.000,'Fabian',1),(1410,'2025-03-05 00:00:00','PRO-330 Parrilla 3 T1',2,14.000,1.000,'Fabian',1),(1411,'2025-03-05 00:00:00','PRO-330 Parrilla 3 T1',4,14.000,1.000,'Fabian',2),(1413,'2025-03-05 00:00:00','PRO-331 Parrilla 2 T2',1,15.000,1.000,'Fabian',1),(1414,'2025-03-05 00:00:00','PRO-331 Parrilla 2 T2',2,15.000,1.000,'Fabian',1),(1415,'2025-03-05 00:00:00','PRO-331 Parrilla 2 T2',4,15.000,1.000,'Fabian',2),(1417,'2025-03-05 00:00:00','PRO-332 Parrilla 3 T2',1,17.000,1.000,'Fabian',1),(1418,'2025-03-05 00:00:00','PRO-332 Parrilla 3 T2',2,15.000,1.000,'Fabian',1),(1419,'2025-03-05 00:00:00','PRO-332 Parrilla 3 T2',4,15.000,1.000,'Fabian',2),(1421,'2025-03-06 00:00:00','PRO-333 Parrilla 2 T1',1,0.000,1.000,'Fabian',1),(1422,'2025-03-06 00:00:00','PRO-333 Parrilla 2 T1',2,15.000,1.000,'Fabian',1),(1423,'2025-03-06 00:00:00','PRO-333 Parrilla 2 T1',4,15.000,1.000,'Fabian',2),(1425,'2025-03-06 00:00:00','PRO-334 Parrilla 3 T1',1,4.000,1.000,'Fabian',1),(1426,'2025-03-06 00:00:00','PRO-334 Parrilla 3 T1',2,15.000,1.000,'Fabian',1),(1427,'2025-03-06 00:00:00','PRO-334 Parrilla 3 T1',4,15.000,1.000,'Fabian',2),(1429,'2025-03-06 00:00:00','PRO-335 Parrilla 2 T2',1,1.000,1.000,'Fabian',1),(1430,'2025-03-06 00:00:00','PRO-335 Parrilla 2 T2',2,17.000,1.000,'Fabian',1),(1431,'2025-03-06 00:00:00','PRO-335 Parrilla 2 T2',4,17.000,1.000,'Fabian',2),(1433,'2025-03-06 00:00:00','PRO-336 Parrilla 3 T2',1,14.000,1.000,'Fabian',1),(1434,'2025-03-06 00:00:00','PRO-336 Parrilla 3 T2',2,16.000,1.000,'Fabian',1),(1435,'2025-03-06 00:00:00','PRO-336 Parrilla 3 T2',4,16.000,1.000,'Fabian',2),(1437,'2025-03-07 00:00:00','PRO-337 Parrilla 2 T1',1,12.000,1.000,'Fabian',1),(1438,'2025-03-07 00:00:00','PRO-337 Parrilla 2 T1',2,12.000,1.000,'Fabian',1),(1439,'2025-03-07 00:00:00','PRO-337 Parrilla 2 T1',4,12.000,1.000,'Fabian',2),(1441,'2025-03-07 00:00:00','PRO-338 Parrilla 3 T1',1,14.000,1.000,'Fabian',1),(1442,'2025-03-07 00:00:00','PRO-338 Parrilla 3 T1',2,12.000,1.000,'Fabian',1),(1443,'2025-03-07 00:00:00','PRO-338 Parrilla 3 T1',4,12.000,1.000,'Fabian',2),(1445,'2025-03-07 00:00:00','PRO-339 Parrilla 2 T2',1,2.000,1.000,'Fabian',1),(1446,'2025-03-07 00:00:00','PRO-339 Parrilla 2 T2',2,11.000,1.000,'Fabian',1),(1447,'2025-03-07 00:00:00','PRO-339 Parrilla 2 T2',4,11.000,1.000,'Fabian',2),(1449,'2025-03-07 00:00:00','PRO-340 Parrilla 3 T2',1,0.000,1.000,'Fabian',1),(1450,'2025-03-07 00:00:00','PRO-340 Parrilla 3 T2',2,13.000,1.000,'Fabian',1),(1451,'2025-03-07 00:00:00','PRO-340 Parrilla 3 T2',4,13.000,1.000,'Fabian',2),(1453,'2025-04-08 00:00:00','PRO-341 Parrilla 1 T1',1,3.000,1.000,'Fabian',1),(1454,'2025-04-08 00:00:00','PRO-341 Parrilla 1 T1',2,13.000,1.000,'Fabian',1),(1455,'2025-04-08 00:00:00','PRO-341 Parrilla 1 T1',4,13.000,1.000,'Fabian',2),(1457,'2025-04-08 00:00:00','PRO-342 Parrilla 2 T1',1,13.000,1.000,'Fabian',1),(1458,'2025-04-08 00:00:00','PRO-342 Parrilla 2 T1',2,13.000,1.000,'Fabian',1),(1459,'2025-04-08 00:00:00','PRO-342 Parrilla 2 T1',4,13.000,1.000,'Fabian',2),(1461,'2025-04-08 00:00:00','PRO-343 Parrilla 3 T1',1,14.000,1.000,'Fabian',1),(1462,'2025-04-08 00:00:00','PRO-343 Parrilla 3 T1',2,14.000,1.000,'Fabian',1),(1463,'2025-04-08 00:00:00','PRO-343 Parrilla 3 T1',4,14.000,1.000,'Fabian',2),(1465,'2025-04-09 00:00:00','PRO-344 Parrilla 1 T1',1,10.000,1.000,'Fabian',1),(1466,'2025-04-09 00:00:00','PRO-344 Parrilla 1 T1',2,18.000,1.000,'Fabian',1),(1467,'2025-04-09 00:00:00','PRO-344 Parrilla 1 T1',4,18.000,1.000,'Fabian',2),(1469,'2025-04-09 00:00:00','PRO-345 Parrilla 2 T1',1,0.000,1.000,'Fabian',1),(1470,'2025-04-09 00:00:00','PRO-345 Parrilla 2 T1',2,18.000,1.000,'Fabian',1),(1471,'2025-04-09 00:00:00','PRO-345 Parrilla 2 T1',4,18.000,1.000,'Fabian',2),(1473,'2025-04-09 00:00:00','PRO-346 Parrilla 3 T1',1,4.000,1.000,'Fabian',1),(1474,'2025-04-09 00:00:00','PRO-346 Parrilla 3 T1',2,18.000,1.000,'Fabian',1),(1475,'2025-04-09 00:00:00','PRO-346 Parrilla 3 T1',4,18.000,1.000,'Fabian',2),(1477,'2025-04-10 00:00:00','PRO-347 Parrilla 1 T1',1,14.000,1.000,'Fabian',1),(1478,'2025-04-10 00:00:00','PRO-347 Parrilla 1 T1',2,18.000,1.000,'Fabian',1),(1479,'2025-04-10 00:00:00','PRO-347 Parrilla 1 T1',4,18.000,1.000,'Fabian',2),(1481,'2025-04-10 00:00:00','PRO-348 Parrilla 2 T1',1,13.000,1.000,'Fabian',1),(1482,'2025-04-10 00:00:00','PRO-348 Parrilla 2 T1',2,18.000,1.000,'Fabian',1),(1483,'2025-04-10 00:00:00','PRO-348 Parrilla 2 T1',4,18.000,1.000,'Fabian',2),(1485,'2025-04-10 00:00:00','PRO-349 Parrilla 3 T1',1,14.000,1.000,'Fabian',1),(1486,'2025-04-10 00:00:00','PRO-349 Parrilla 3 T1',2,18.000,1.000,'Fabian',1),(1487,'2025-04-10 00:00:00','PRO-349 Parrilla 3 T1',4,18.000,1.000,'Fabian',2),(1489,'2025-04-11 00:00:00','PRO-350 Parrilla 1 T1',1,6.000,1.000,'Fabian',1),(1490,'2025-04-11 00:00:00','PRO-350 Parrilla 1 T1',2,12.000,1.000,'Fabian',1),(1491,'2025-04-11 00:00:00','PRO-350 Parrilla 1 T1',4,12.000,1.000,'Fabian',2),(1493,'2025-04-11 00:00:00','PRO-351 Parrilla 2 T1',1,10.000,1.000,'Fabian',1),(1494,'2025-04-11 00:00:00','PRO-351 Parrilla 2 T1',2,12.000,1.000,'Fabian',1),(1495,'2025-04-11 00:00:00','PRO-351 Parrilla 2 T1',4,12.000,1.000,'Fabian',2),(1497,'2025-04-11 00:00:00','PRO-352 Parrilla 3 T1',1,10.000,1.000,'Fabian',1),(1498,'2025-04-11 00:00:00','PRO-352 Parrilla 3 T1',2,12.000,1.000,'Fabian',1),(1499,'2025-04-11 00:00:00','PRO-352 Parrilla 3 T1',4,12.000,1.000,'Fabian',2),(1501,'2025-04-14 00:00:00','PRO-353 Parrilla 1 T1',1,21.000,1.000,'Fabian',1),(1502,'2025-04-14 00:00:00','PRO-353 Parrilla 1 T1',2,17.000,1.000,'Fabian',1),(1503,'2025-04-14 00:00:00','PRO-353 Parrilla 1 T1',4,17.000,1.000,'Fabian',2),(1505,'2025-04-14 00:00:00','PRO-354 Parrilla 2 T1',1,2.000,1.000,'Fabian',1),(1506,'2025-04-14 00:00:00','PRO-354 Parrilla 2 T1',2,18.000,1.000,'Fabian',1),(1507,'2025-04-14 00:00:00','PRO-354 Parrilla 2 T1',4,18.000,1.000,'Fabian',2),(1509,'2025-04-14 00:00:00','PRO-355 Parrilla 3 T1',1,7.000,1.000,'Fabian',1),(1510,'2025-04-14 00:00:00','PRO-355 Parrilla 3 T1',2,16.000,1.000,'Fabian',1),(1511,'2025-04-14 00:00:00','PRO-355 Parrilla 3 T1',4,16.000,1.000,'Fabian',2),(1513,'2025-04-23 00:00:00','PRO-356 Parrilla 1 T1',1,6.000,1.000,'Fabian',1),(1514,'2025-04-23 00:00:00','PRO-356 Parrilla 1 T1',2,6.000,1.000,'Fabian',1),(1515,'2025-04-23 00:00:00','PRO-356 Parrilla 1 T1',4,6.000,1.000,'Fabian',2),(1517,'2025-04-23 00:00:00','PRO-357 Parrilla 2 T1',1,16.000,1.000,'Fabian',1),(1518,'2025-04-23 00:00:00','PRO-357 Parrilla 2 T1',2,12.000,1.000,'Fabian',1),(1519,'2025-04-23 00:00:00','PRO-357 Parrilla 2 T1',4,12.000,1.000,'Fabian',2),(1521,'2025-04-23 00:00:00','PRO-358 Parrilla 3 T1',1,13.000,1.000,'Fabian',1),(1522,'2025-04-23 00:00:00','PRO-358 Parrilla 3 T1',2,7.000,1.000,'Fabian',1),(1523,'2025-04-23 00:00:00','PRO-358 Parrilla 3 T1',4,7.000,1.000,'Fabian',2),(1525,'2025-04-23 00:00:00','PRO-359 Parrilla 1 T2',1,2.000,1.000,'Fabian',1),(1526,'2025-04-23 00:00:00','PRO-359 Parrilla 1 T2',2,19.000,1.000,'Fabian',1),(1527,'2025-04-23 00:00:00','PRO-359 Parrilla 1 T2',4,19.000,1.000,'Fabian',2),(1529,'2025-04-23 00:00:00','PRO-360 Parrilla 2 T2',1,2.000,1.000,'Fabian',1),(1530,'2025-04-23 00:00:00','PRO-360 Parrilla 2 T2',2,16.000,1.000,'Fabian',1),(1531,'2025-04-23 00:00:00','PRO-360 Parrilla 2 T2',4,16.000,1.000,'Fabian',2),(1533,'2025-04-23 00:00:00','PRO-361 Parrilla 3 T2',1,10.000,1.000,'Fabian',1),(1534,'2025-04-23 00:00:00','PRO-361 Parrilla 3 T2',2,17.000,1.000,'Fabian',1),(1535,'2025-04-23 00:00:00','PRO-361 Parrilla 3 T2',4,17.000,1.000,'Fabian',2),(1537,'2025-04-24 00:00:00','PRO-362 Parrilla 1 T1',1,20.000,1.000,'Fabian',1),(1538,'2025-04-24 00:00:00','PRO-362 Parrilla 1 T1',2,17.000,1.000,'Fabian',1),(1539,'2025-04-24 00:00:00','PRO-362 Parrilla 1 T1',4,17.000,1.000,'Fabian',2),(1541,'2025-04-24 00:00:00','PRO-363 Parrilla 2 T1',1,2.000,1.000,'Fabian',1),(1542,'2025-04-24 00:00:00','PRO-363 Parrilla 2 T1',2,16.000,1.000,'Fabian',1),(1543,'2025-04-24 00:00:00','PRO-363 Parrilla 2 T1',4,16.000,1.000,'Fabian',2),(1545,'2025-04-24 00:00:00','PRO-364 Parrilla 3 T1',1,1.000,1.000,'Fabian',1),(1546,'2025-04-24 00:00:00','PRO-364 Parrilla 3 T1',2,16.000,1.000,'Fabian',1),(1547,'2025-04-24 00:00:00','PRO-364 Parrilla 3 T1',4,16.000,1.000,'Fabian',2),(1549,'2025-04-24 00:00:00','PRO-365 Parrilla 1 T2',1,22.000,1.000,'Fabian',1),(1550,'2025-04-24 00:00:00','PRO-365 Parrilla 1 T2',2,13.000,1.000,'Fabian',1),(1551,'2025-04-24 00:00:00','PRO-365 Parrilla 1 T2',4,13.000,1.000,'Fabian',2),(1553,'2025-04-24 00:00:00','PRO-366 Parrilla 2 T2',1,18.000,1.000,'Fabian',1),(1554,'2025-04-24 00:00:00','PRO-366 Parrilla 2 T2',2,14.000,1.000,'Fabian',1),(1555,'2025-04-24 00:00:00','PRO-366 Parrilla 2 T2',4,14.000,1.000,'Fabian',2),(1557,'2025-04-24 00:00:00','PRO-367 Parrilla 3 T2',1,16.000,1.000,'Fabian',1),(1558,'2025-04-24 00:00:00','PRO-367 Parrilla 3 T2',2,15.000,1.000,'Fabian',1),(1559,'2025-04-24 00:00:00','PRO-367 Parrilla 3 T2',4,15.000,1.000,'Fabian',2),(1561,'2025-04-25 00:00:00','PRO-368 Parrilla 1 T1',1,23.000,1.000,'Fabian',1),(1562,'2025-04-25 00:00:00','PRO-368 Parrilla 1 T1',2,12.000,1.000,'Fabian',1),(1563,'2025-04-25 00:00:00','PRO-368 Parrilla 1 T1',4,12.000,1.000,'Fabian',2),(1565,'2025-04-25 00:00:00','PRO-369 Parrilla 2 T1',1,16.000,1.000,'Fabian',1),(1566,'2025-04-25 00:00:00','PRO-369 Parrilla 2 T1',2,13.000,1.000,'Fabian',1),(1567,'2025-04-25 00:00:00','PRO-369 Parrilla 2 T1',4,13.000,1.000,'Fabian',2),(1569,'2025-04-25 00:00:00','PRO-370 Parrilla 3 T1',1,6.000,1.000,'Fabian',1),(1570,'2025-04-25 00:00:00','PRO-370 Parrilla 3 T1',2,15.000,1.000,'Fabian',1),(1571,'2025-04-25 00:00:00','PRO-370 Parrilla 3 T1',4,15.000,1.000,'Fabian',2),(1573,'2025-04-28 00:00:00','PRO-371 Parrilla 1 T1',1,0.000,1.000,'Fabian',1),(1574,'2025-04-28 00:00:00','PRO-371 Parrilla 1 T1',2,18.000,1.000,'Fabian',1),(1575,'2025-04-28 00:00:00','PRO-371 Parrilla 1 T1',4,18.000,1.000,'Fabian',2),(1577,'2025-04-28 00:00:00','PRO-372 Parrilla 2 T1',1,16.000,1.000,'Fabian',1),(1578,'2025-04-28 00:00:00','PRO-372 Parrilla 2 T1',2,16.000,1.000,'Fabian',1),(1579,'2025-04-28 00:00:00','PRO-372 Parrilla 2 T1',4,16.000,1.000,'Fabian',2),(1581,'2025-04-28 00:00:00','PRO-373 Parrilla 1 T1',1,14.000,1.000,'Fabian',1),(1582,'2025-04-28 00:00:00','PRO-373 Parrilla 1 T1',2,17.000,1.000,'Fabian',1),(1583,'2025-04-28 00:00:00','PRO-373 Parrilla 1 T1',4,17.000,1.000,'Fabian',2),(1585,'2025-04-28 00:00:00','PRO-374 Parrilla 2 T1',1,7.000,1.000,'Fabian',1),(1586,'2025-04-28 00:00:00','PRO-374 Parrilla 2 T1',2,21.000,1.000,'Fabian',1),(1587,'2025-04-28 00:00:00','PRO-374 Parrilla 2 T1',4,21.000,1.000,'Fabian',2),(1589,'2025-04-28 00:00:00','PRO-375 Parrilla 3 T1',1,15.000,1.000,'Fabian',1),(1590,'2025-04-28 00:00:00','PRO-375 Parrilla 3 T1',2,17.000,1.000,'Fabian',1),(1591,'2025-04-28 00:00:00','PRO-375 Parrilla 3 T1',4,17.000,1.000,'Fabian',2),(1593,'2025-04-29 00:00:00','PRO-376 Parrilla 1 T2',1,17.000,1.000,'Fabian',1),(1594,'2025-04-29 00:00:00','PRO-376 Parrilla 1 T2',2,18.000,1.000,'Fabian',1),(1595,'2025-04-29 00:00:00','PRO-376 Parrilla 1 T2',4,18.000,1.000,'Fabian',2),(1597,'2025-04-29 00:00:00','PRO-377 Parrilla 3 T2',1,16.000,1.000,'Fabian',1),(1598,'2025-04-29 00:00:00','PRO-377 Parrilla 3 T2',2,16.000,1.000,'Fabian',1),(1599,'2025-04-29 00:00:00','PRO-377 Parrilla 3 T2',4,16.000,1.000,'Fabian',2),(1601,'2025-04-29 00:00:00','PRO-378 Parrilla 1 T1',1,1.000,1.000,'Fabian',1),(1602,'2025-04-29 00:00:00','PRO-378 Parrilla 1 T1',2,16.000,1.000,'Fabian',1),(1603,'2025-04-29 00:00:00','PRO-378 Parrilla 1 T1',4,16.000,1.000,'Fabian',2),(1605,'2025-04-29 00:00:00','PRO-379 Parrilla 2 T1',1,5.000,1.000,'Fabian',1),(1606,'2025-04-29 00:00:00','PRO-379 Parrilla 2 T1',2,18.000,1.000,'Fabian',1),(1607,'2025-04-29 00:00:00','PRO-379 Parrilla 2 T1',4,18.000,1.000,'Fabian',2),(1609,'2025-04-29 00:00:00','PRO-380 Parrilla 3 T1',1,12.000,1.000,'Fabian',1),(1610,'2025-04-29 00:00:00','PRO-380 Parrilla 3 T1',2,16.000,1.000,'Fabian',1),(1611,'2025-04-29 00:00:00','PRO-380 Parrilla 3 T1',4,16.000,1.000,'Fabian',2),(1613,'2025-04-30 00:00:00','PRO-381 Parrilla 1 T2',1,15.000,1.000,'Fabian',1),(1614,'2025-04-30 00:00:00','PRO-381 Parrilla 1 T2',2,17.000,1.000,'Fabian',1),(1615,'2025-04-30 00:00:00','PRO-381 Parrilla 1 T2',4,17.000,1.000,'Fabian',2),(1617,'2025-04-30 00:00:00','PRO-382 Parrilla 3 T2',1,13.000,1.000,'Fabian',1),(1618,'2025-04-30 00:00:00','PRO-382 Parrilla 3 T2',2,16.000,1.000,'Fabian',1),(1619,'2025-04-30 00:00:00','PRO-382 Parrilla 3 T2',4,16.000,1.000,'Fabian',2),(1621,'2025-04-30 00:00:00','PRO-383 Parrilla 1 T1',1,22.000,1.000,'Fabian',1),(1622,'2025-04-30 00:00:00','PRO-383 Parrilla 1 T1',2,16.000,1.000,'Fabian',1),(1623,'2025-04-30 00:00:00','PRO-383 Parrilla 1 T1',4,16.000,1.000,'Fabian',2),(1625,'2025-04-30 00:00:00','PRO-384 Parrilla 2 T1',1,9.000,1.000,'Fabian',1),(1626,'2025-04-30 00:00:00','PRO-384 Parrilla 2 T1',2,18.000,1.000,'Fabian',1),(1627,'2025-04-30 00:00:00','PRO-384 Parrilla 2 T1',4,18.000,1.000,'Fabian',2),(1629,'2025-04-30 00:00:00','PRO-385 Parrilla 3 T1',1,18.000,1.000,'Fabian',1),(1630,'2025-04-30 00:00:00','PRO-385 Parrilla 3 T1',2,16.000,1.000,'Fabian',1),(1631,'2025-04-30 00:00:00','PRO-385 Parrilla 3 T1',4,16.000,1.000,'Fabian',2),(1633,'2025-05-01 00:00:00','PRO-386 Parrilla 1 T2',1,9.000,1.000,'Fabian',1),(1634,'2025-05-01 00:00:00','PRO-386 Parrilla 1 T2',2,16.000,1.000,'Fabian',1),(1635,'2025-05-01 00:00:00','PRO-386 Parrilla 1 T2',4,16.000,1.000,'Fabian',2),(1637,'2025-05-01 00:00:00','PRO-387 Parrilla 3 T2',1,17.000,1.000,'Fabian',1),(1638,'2025-05-01 00:00:00','PRO-387 Parrilla 3 T2',2,17.000,1.000,'Fabian',1),(1639,'2025-05-01 00:00:00','PRO-387 Parrilla 3 T2',4,17.000,1.000,'Fabian',2),(1641,'2025-05-01 00:00:00','PRO-388 Parrilla 1 T1',1,6.000,1.000,'Fabian',1),(1642,'2025-05-01 00:00:00','PRO-388 Parrilla 1 T1',2,16.000,1.000,'Fabian',1),(1643,'2025-05-01 00:00:00','PRO-388 Parrilla 1 T1',4,16.000,1.000,'Fabian',2),(1645,'2025-05-01 00:00:00','PRO-389 Parrilla 2 T1',1,19.000,1.000,'Fabian',1),(1646,'2025-05-01 00:00:00','PRO-389 Parrilla 2 T1',2,17.000,1.000,'Fabian',1),(1647,'2025-05-01 00:00:00','PRO-389 Parrilla 2 T1',4,17.000,1.000,'Fabian',2),(1649,'2025-05-01 00:00:00','PRO-390 Parrilla 3 T1',1,17.000,1.000,'Fabian',1),(1650,'2025-05-01 00:00:00','PRO-390 Parrilla 3 T1',2,16.000,1.000,'Fabian',1),(1651,'2025-05-01 00:00:00','PRO-390 Parrilla 3 T1',4,16.000,1.000,'Fabian',2),(1653,'2025-05-02 00:00:00','PRO-391 Parrilla 1 T2',1,6.000,1.000,'Fabian',1),(1654,'2025-05-02 00:00:00','PRO-391 Parrilla 1 T2',2,13.000,1.000,'Fabian',1),(1655,'2025-05-02 00:00:00','PRO-391 Parrilla 1 T2',4,13.000,1.000,'Fabian',2),(1657,'2025-05-02 00:00:00','PRO-392 Parrilla 3 T2',1,12.000,1.000,'Fabian',1),(1658,'2025-05-02 00:00:00','PRO-392 Parrilla 3 T2',2,11.000,1.000,'Fabian',1),(1659,'2025-05-02 00:00:00','PRO-392 Parrilla 3 T2',4,11.000,1.000,'Fabian',2),(1661,'2025-05-02 00:00:00','PRO-393 Parrilla 1 T1',1,18.000,1.000,'Fabian',1),(1662,'2025-05-02 00:00:00','PRO-393 Parrilla 1 T1',2,11.000,1.000,'Fabian',1),(1663,'2025-05-02 00:00:00','PRO-393 Parrilla 1 T1',4,11.000,1.000,'Fabian',2),(1665,'2025-05-02 00:00:00','PRO-394 Parrilla 2 T1',1,12.000,1.000,'Fabian',1),(1666,'2025-05-02 00:00:00','PRO-394 Parrilla 2 T1',2,11.000,1.000,'Fabian',1),(1667,'2025-05-02 00:00:00','PRO-394 Parrilla 2 T1',4,11.000,1.000,'Fabian',2),(1669,'2025-05-02 00:00:00','PRO-395 Parrilla 3 T1',1,16.000,1.000,'Fabian',1),(1670,'2025-05-02 00:00:00','PRO-395 Parrilla 3 T1',2,13.000,1.000,'Fabian',1),(1671,'2025-05-02 00:00:00','PRO-395 Parrilla 3 T1',4,13.000,1.000,'Fabian',2),(1673,'2025-05-05 00:00:00','PRO-396 Parrilla 1 T2',1,22.000,1.000,'Fabian',1),(1674,'2025-05-05 00:00:00','PRO-396 Parrilla 1 T2',2,15.000,1.000,'Fabian',1),(1677,'2025-05-05 00:00:00','PRO-397 Parrilla 3 T2',1,1.000,1.000,'Fabian',1),(1678,'2025-05-05 00:00:00','PRO-397 Parrilla 3 T2',2,16.000,1.000,'Fabian',1),(1681,'2025-05-05 00:00:00','PRO-398 Parrilla 1 T1',1,2.000,1.000,'Fabian',1),(1682,'2025-05-05 00:00:00','PRO-398 Parrilla 1 T1',2,17.000,1.000,'Fabian',1),(1685,'2025-05-05 00:00:00','PRO-399 Parrilla 2 T1',1,22.000,1.000,'Fabian',1),(1686,'2025-05-05 00:00:00','PRO-399 Parrilla 2 T1',2,19.000,1.000,'Fabian',1),(1689,'2025-05-05 00:00:00','PRO-400 Parrilla 3 T1',1,2.000,1.000,'Fabian',1),(1690,'2025-05-05 00:00:00','PRO-400 Parrilla 3 T1',2,17.000,1.000,'Fabian',1);
/*!40000 ALTER TABLE `kardex` ENABLE KEYS */;
UNLOCK TABLES;

--
-- Table structure for table `laboratorio`
--

DROP TABLE IF EXISTS `laboratorio`;
/*!40101 SET @saved_cs_client     = @@character_set_client */;
/*!40101 SET character_set_client = utf8 */;
CREATE TABLE `laboratorio` (
  `idprueba` int(11) NOT NULL AUTO_INCREMENT,
  `idrecoleccion` int(11) NOT NULL,
  `ltst1` float(9,3) DEFAULT '0.000',
  `alco` tinyint(1) DEFAULT '0',
  `pero` tinyint(1) DEFAULT '0',
  `acdz` float(5,2) DEFAULT '0.00',
  `suer` tinyint(1) DEFAULT '0',
  `rexa` varchar(7) DEFAULT NULL,
  `gra` float(5,2) DEFAULT '0.00',
  `saca` tinyint(1) DEFAULT '0',
  `temp` float(9,3) DEFAULT '0.000',
  `dep` int(11) DEFAULT '0',
  `tnq` int(11) DEFAULT NULL,
  `ltst2` float(9,3) DEFAULT '0.000',
  `alco2` tinyint(1) DEFAULT '0',
  `pero2` tinyint(1) DEFAULT '0',
  `acdz2` float(5,2) DEFAULT '0.00',
  `suer2` tinyint(1) DEFAULT '0',
  `rexa2` varchar(7) DEFAULT NULL,
  `gra2` float(5,2) DEFAULT '0.00',
  `saca2` tinyint(1) DEFAULT '0',
  `temp2` float(9,3) DEFAULT '0.000',
  `dep2` int(11) DEFAULT NULL,
  `tnq2` int(11) DEFAULT NULL,
  `fecha` date DEFAULT NULL,
  PRIMARY KEY (`idprueba`)
) ENGINE=InnoDB DEFAULT CHARSET=latin1;
/*!40101 SET character_set_client = @saved_cs_client */;

--
-- Dumping data for table `laboratorio`
--

LOCK TABLES `laboratorio` WRITE;
/*!40000 ALTER TABLE `laboratorio` DISABLE KEYS */;
/*!40000 ALTER TABLE `laboratorio` ENABLE KEYS */;
UNLOCK TABLES;

--
-- Table structure for table `migrations`
--

DROP TABLE IF EXISTS `migrations`;
/*!40101 SET @saved_cs_client     = @@character_set_client */;
/*!40101 SET character_set_client = utf8 */;
CREATE TABLE `migrations` (
  `id` int(10) unsigned NOT NULL AUTO_INCREMENT,
  `migration` varchar(255) COLLATE utf8mb4_unicode_ci NOT NULL,
  `batch` int(11) NOT NULL,
  PRIMARY KEY (`id`)
) ENGINE=InnoDB AUTO_INCREMENT=5 DEFAULT CHARSET=utf8mb4 COLLATE=utf8mb4_unicode_ci;
/*!40101 SET character_set_client = @saved_cs_client */;

--
-- Dumping data for table `migrations`
--

LOCK TABLES `migrations` WRITE;
/*!40000 ALTER TABLE `migrations` DISABLE KEYS */;
INSERT INTO `migrations` VALUES (1,'2014_10_12_000000_create_users_table',1),(2,'2014_10_12_100000_create_password_resets_table',1),(3,'2019_08_19_000000_create_failed_jobs_table',1),(4,'2019_12_14_000001_create_personal_access_tokens_table',1);
/*!40000 ALTER TABLE `migrations` ENABLE KEYS */;
UNLOCK TABLES;

--
-- Table structure for table `mov_existencias`
--

DROP TABLE IF EXISTS `mov_existencias`;
/*!40101 SET @saved_cs_client     = @@character_set_client */;
/*!40101 SET character_set_client = utf8 */;
CREATE TABLE `mov_existencias` (
  `idmov` int(11) NOT NULL AUTO_INCREMENT,
  `tipo` varchar(5) DEFAULT NULL,
  `iddoc` int(11) DEFAULT NULL,
  `deposito` int(11) DEFAULT NULL,
  `articulo` int(11) DEFAULT NULL,
  `cantidad` float(9,3) DEFAULT NULL,
  `fecha` date DEFAULT NULL,
  `exisant` float(9,3) DEFAULT NULL,
  `usuario` varchar(20) DEFAULT NULL,
  PRIMARY KEY (`idmov`)
) ENGINE=InnoDB AUTO_INCREMENT=987 DEFAULT CHARSET=latin1;
/*!40101 SET character_set_client = @saved_cs_client */;

--
-- Dumping data for table `mov_existencias`
--

LOCK TABLES `mov_existencias` WRITE;
/*!40000 ALTER TABLE `mov_existencias` DISABLE KEYS */;
INSERT INTO `mov_existencias` VALUES (1,'PRO',158,1,3,-480.000,'2025-01-22',80533.469,'FRANK'),(2,'PRO',158,2,1,18.000,'2025-01-22',14.000,'FRANK'),(3,'PRO',158,2,2,3.000,'2025-01-22',1.000,'FRANK'),(4,'PRO',158,2,4,-3.000,'2025-01-22',-1654.000,'FRANK'),(5,'PRO',159,1,3,0.000,'2025-01-22',80053.469,'FRANK'),(6,'PRO',159,2,1,0.000,'2025-01-22',32.000,'FRANK'),(7,'PRO',159,2,2,1.000,'2025-01-22',4.000,'FRANK'),(8,'PRO',159,2,4,-1.000,'2025-01-22',-1657.000,'FRANK'),(9,'PRO',160,1,3,-320.000,'2025-01-22',80053.469,'FRANK'),(10,'PRO',160,2,1,5.000,'2025-01-22',32.000,'FRANK'),(11,'PRO',160,2,2,1.000,'2025-01-22',5.000,'FRANK'),(12,'PRO',160,2,4,-1.000,'2025-01-22',-1658.000,'FRANK'),(13,'PRO',161,1,3,0.000,'2025-01-22',79733.469,'FRANK'),(14,'PRO',161,2,1,0.000,'2025-01-22',37.000,'FRANK'),(15,'PRO',161,2,2,1.000,'2025-01-22',6.000,'FRANK'),(16,'PRO',161,2,4,-1.000,'2025-01-22',-1659.000,'FRANK'),(17,'PRO',162,1,3,-480.000,'2025-01-22',79733.469,'FRANK'),(18,'PRO',162,2,1,17.000,'2025-01-22',37.000,'FRANK'),(19,'PRO',162,2,2,3.000,'2025-01-22',7.000,'FRANK'),(20,'PRO',162,2,4,-3.000,'2025-01-22',-1660.000,'FRANK'),(21,'PRO',163,1,3,-880.000,'2025-01-22',79253.469,'FRANK'),(22,'PRO',163,2,1,22.000,'2025-01-22',54.000,'FRANK'),(23,'PRO',163,2,2,17.000,'2025-01-22',10.000,'FRANK'),(24,'PRO',163,2,4,-17.000,'2025-01-22',-1663.000,'FRANK'),(25,'PRO',164,1,3,-880.000,'2025-01-22',78373.469,'FRANK'),(26,'PRO',164,2,1,16.000,'2025-01-22',76.000,'FRANK'),(27,'PRO',164,2,2,17.000,'2025-01-22',27.000,'FRANK'),(28,'PRO',164,2,4,-17.000,'2025-01-22',-1680.000,'FRANK'),(29,'PRO',165,1,3,-960.000,'2025-01-22',77493.469,'FRANK'),(30,'PRO',165,2,1,23.000,'2025-01-22',92.000,'FRANK'),(31,'PRO',165,2,2,17.000,'2025-01-22',44.000,'FRANK'),(32,'PRO',165,2,4,-17.000,'2025-01-22',-1697.000,'FRANK'),(33,'PRO',166,1,3,-960.000,'2025-01-22',76533.469,'FRANK'),(34,'PRO',166,2,1,23.000,'2025-01-22',115.000,'FRANK'),(35,'PRO',166,2,2,17.000,'2025-01-22',61.000,'FRANK'),(36,'PRO',166,2,4,-17.000,'2025-01-22',-1714.000,'FRANK'),(37,'PRO',167,1,3,-880.000,'2025-01-22',75573.469,'FRANK'),(38,'PRO',167,2,1,15.000,'2025-01-22',138.000,'FRANK'),(39,'PRO',167,2,2,16.000,'2025-01-22',78.000,'FRANK'),(40,'PRO',167,2,4,-16.000,'2025-01-22',-1731.000,'FRANK'),(41,'PRO',168,1,3,-960.000,'2025-01-22',74693.469,'FRANK'),(42,'PRO',168,2,1,3.000,'2025-01-22',153.000,'FRANK'),(43,'PRO',168,2,2,17.000,'2025-01-22',94.000,'FRANK'),(44,'PRO',168,2,4,-17.000,'2025-01-22',-1747.000,'FRANK'),(45,'PRO',169,1,3,-880.000,'2025-01-22',73733.469,'FRANK'),(46,'PRO',169,2,1,13.000,'2025-01-22',156.000,'FRANK'),(47,'PRO',169,2,2,16.000,'2025-01-22',111.000,'FRANK'),(48,'PRO',169,2,4,-16.000,'2025-01-22',-1764.000,'FRANK'),(49,'PRO',170,1,3,-1040.000,'2025-01-22',72853.469,'FRANK'),(50,'PRO',171,1,3,-960.000,'2025-01-22',71813.469,'FRANK'),(51,'PRO',172,1,3,-880.000,'2025-01-22',70853.469,'FRANK'),(52,'PRO',170,2,1,21.000,'2025-01-22',169.000,'FRANK'),(53,'PRO',170,2,2,19.000,'2025-01-22',127.000,'FRANK'),(54,'PRO',170,2,4,-19.000,'2025-01-22',-1780.000,'FRANK'),(55,'PRO',171,2,1,0.000,'2025-01-22',190.000,'FRANK'),(56,'PRO',171,2,2,20.000,'2025-01-22',146.000,'FRANK'),(57,'PRO',171,2,4,-20.000,'2025-01-22',-1799.000,'FRANK'),(58,'PRO',172,2,1,15.000,'2025-01-22',190.000,'FRANK'),(59,'PRO',172,2,2,16.000,'2025-01-22',166.000,'FRANK'),(60,'PRO',172,2,4,-16.000,'2025-01-22',-1819.000,'FRANK'),(61,'PRO',173,1,3,-960.000,'2025-01-22',69973.469,'FRANK'),(62,'PRO',174,1,3,-960.000,'2025-01-22',69013.469,'FRANK'),(63,'PRO',173,2,1,10.000,'2025-01-22',205.000,'FRANK'),(64,'PRO',173,2,2,18.000,'2025-01-22',182.000,'FRANK'),(65,'PRO',173,2,4,-18.000,'2025-01-22',-1835.000,'FRANK'),(66,'PRO',174,2,1,21.000,'2025-01-22',215.000,'FRANK'),(67,'PRO',174,2,2,16.000,'2025-01-22',200.000,'FRANK'),(68,'PRO',174,2,4,-16.000,'2025-01-22',-1853.000,'FRANK'),(69,'PRO',175,1,3,-800.000,'2025-01-22',68053.469,'FRANK'),(70,'PRO',176,1,3,0.000,'2025-01-22',67253.469,'FRANK'),(71,'PRO',176,2,1,0.000,'2025-01-22',236.000,'FRANK'),(72,'PRO',176,2,2,0.000,'2025-01-22',216.000,'FRANK'),(73,'PRO',176,2,4,0.000,'2025-01-22',-1869.000,'FRANK'),(74,'PRO',177,1,3,-800.000,'2025-01-22',67253.469,'FRANK'),(75,'PRO',178,1,3,-800.000,'2025-01-22',66453.469,'FRANK'),(76,'PRO',175,2,1,13.000,'2025-01-22',236.000,'FRANK'),(77,'PRO',175,2,2,15.000,'2025-01-22',216.000,'FRANK'),(78,'PRO',175,2,4,-15.000,'2025-01-22',-1869.000,'FRANK'),(79,'PRO',177,2,1,13.000,'2025-01-22',249.000,'FRANK'),(80,'PRO',177,2,2,15.000,'2025-01-22',231.000,'FRANK'),(81,'PRO',177,2,4,-15.000,'2025-01-22',-1884.000,'FRANK'),(82,'PRO',178,2,1,7.000,'2025-01-22',262.000,'FRANK'),(83,'PRO',178,2,2,17.000,'2025-01-22',246.000,'FRANK'),(84,'PRO',178,2,4,-17.000,'2025-01-22',-1899.000,'FRANK'),(85,'PRO',179,1,3,-960.000,'2025-01-22',65653.469,'FRANK'),(86,'PRO',180,1,3,-960.000,'2025-01-22',64693.469,'FRANK'),(87,'PRO',179,2,1,12.000,'2025-01-22',269.000,'FRANK'),(88,'PRO',179,2,2,18.000,'2025-01-22',263.000,'FRANK'),(89,'PRO',179,2,4,-18.000,'2025-01-22',-1916.000,'FRANK'),(90,'PRO',180,2,1,0.000,'2025-01-22',281.000,'FRANK'),(91,'PRO',180,2,2,18.000,'2025-01-22',281.000,'FRANK'),(92,'PRO',180,2,4,-18.000,'2025-01-22',-1934.000,'FRANK'),(93,'PRO',181,1,3,-800.000,'2025-01-22',63733.469,'FRANK'),(94,'PRO',182,1,3,-800.000,'2025-01-22',62933.469,'FRANK'),(95,'PRO',183,1,3,-800.000,'2025-01-22',62133.469,'FRANK'),(96,'PRO',181,2,1,12.000,'2025-01-22',281.000,'FRANK'),(97,'PRO',181,2,2,14.000,'2025-01-22',299.000,'FRANK'),(98,'PRO',181,2,4,-14.000,'2025-01-22',-1952.000,'FRANK'),(99,'PRO',182,2,1,11.000,'2025-01-22',293.000,'FRANK'),(100,'PRO',182,2,2,14.000,'2025-01-22',313.000,'FRANK'),(101,'PRO',182,2,4,-14.000,'2025-01-22',-1966.000,'FRANK'),(102,'PRO',183,2,1,2.000,'2025-01-22',304.000,'FRANK'),(103,'PRO',183,2,2,16.000,'2025-01-22',327.000,'FRANK'),(104,'PRO',183,2,4,-16.000,'2025-01-22',-1980.000,'FRANK'),(105,'PRO',184,1,3,-400.000,'2025-01-24',61333.469,'FRANK'),(106,'PRO',184,2,1,7.000,'2025-01-24',306.000,'FRANK'),(107,'PRO',184,2,2,7.000,'2025-01-24',343.000,'FRANK'),(108,'PRO',184,2,4,-7.000,'2025-01-24',-1996.000,'FRANK'),(109,'PRO',185,1,3,-400.000,'2025-01-24',60933.469,'FRANK'),(110,'PRO',185,2,1,6.000,'2025-01-24',313.000,'FRANK'),(111,'PRO',185,2,2,7.000,'2025-01-24',350.000,'FRANK'),(112,'PRO',185,2,4,-7.000,'2025-01-24',-2003.000,'FRANK'),(113,'PRO',186,1,3,-640.000,'2025-01-24',60533.469,'FRANK'),(114,'PRO',186,2,1,3.000,'2025-01-24',319.000,'FRANK'),(115,'PRO',186,2,2,14.000,'2025-01-24',357.000,'FRANK'),(116,'PRO',186,2,4,-14.000,'2025-01-24',-2010.000,'FRANK'),(117,'PRO',187,1,3,-640.000,'2025-01-24',59893.469,'FRANK'),(118,'PRO',187,2,1,0.000,'2025-01-24',322.000,'FRANK'),(119,'PRO',187,2,2,14.000,'2025-01-24',371.000,'FRANK'),(120,'PRO',187,2,4,-14.000,'2025-01-24',-2024.000,'FRANK'),(121,'PRO',188,1,3,-800.000,'2025-01-24',59253.469,'FRANK'),(122,'PRO',188,2,1,8.000,'2025-01-24',322.000,'FRANK'),(123,'PRO',188,2,2,15.000,'2025-01-24',385.000,'FRANK'),(124,'PRO',188,2,4,-15.000,'2025-01-24',-2038.000,'FRANK'),(125,'PRO',189,1,3,-880.000,'2025-01-24',58453.469,'FRANK'),(126,'PRO',189,2,1,1.000,'2025-01-24',330.000,'FRANK'),(127,'PRO',189,2,2,17.000,'2025-01-24',400.000,'FRANK'),(128,'PRO',189,2,4,-17.000,'2025-01-24',-2053.000,'FRANK'),(129,'PRO',190,1,3,-880.000,'2025-01-24',57573.469,'FRANK'),(130,'PRO',190,2,1,0.000,'2025-01-24',331.000,'FRANK'),(131,'PRO',190,2,2,17.000,'2025-01-24',417.000,'FRANK'),(132,'PRO',190,2,4,-17.000,'2025-01-24',-2070.000,'FRANK'),(133,'PRO',191,1,3,-800.000,'2025-01-24',56693.469,'FRANK'),(134,'PRO',191,2,1,13.000,'2025-01-24',331.000,'FRANK'),(135,'PRO',191,2,2,15.000,'2025-01-24',434.000,'FRANK'),(136,'PRO',191,2,4,-15.000,'2025-01-24',-2087.000,'FRANK'),(137,'PRO',192,1,3,-800.000,'2025-01-24',55893.469,'FRANK'),(138,'PRO',192,2,1,0.000,'2025-01-24',344.000,'FRANK'),(139,'PRO',192,2,2,15.000,'2025-01-24',449.000,'FRANK'),(140,'PRO',192,2,4,-15.000,'2025-01-24',-2102.000,'FRANK'),(141,'PRO',193,1,3,-800.000,'2025-01-24',55093.469,'FRANK'),(142,'PRO',193,2,1,11.000,'2025-01-24',344.000,'FRANK'),(143,'PRO',193,2,2,15.000,'2025-01-24',464.000,'FRANK'),(144,'PRO',193,2,4,-15.000,'2025-01-24',-2117.000,'FRANK'),(145,'PRO',194,1,3,-1040.000,'2025-01-24',54293.469,'FRANK'),(146,'PRO',194,2,1,15.000,'2025-01-24',355.000,'FRANK'),(147,'PRO',194,2,2,19.000,'2025-01-24',479.000,'FRANK'),(148,'PRO',194,2,4,-19.000,'2025-01-24',-2132.000,'FRANK'),(149,'PRO',195,1,3,-1040.000,'2025-01-24',53253.469,'FRANK'),(150,'PRO',195,2,1,15.000,'2025-01-24',370.000,'FRANK'),(151,'PRO',195,2,2,19.000,'2025-01-24',498.000,'FRANK'),(152,'PRO',195,2,4,-19.000,'2025-01-24',-2151.000,'FRANK'),(153,'PRO',196,1,3,-960.000,'2025-01-24',52213.469,'FRANK'),(154,'PRO',196,2,1,11.000,'2025-01-24',385.000,'FRANK'),(155,'PRO',196,2,2,18.000,'2025-01-24',517.000,'FRANK'),(156,'PRO',196,2,4,-18.000,'2025-01-24',-2170.000,'FRANK'),(157,'PRO',197,1,3,-800.000,'2025-01-24',51253.469,'FRANK'),(158,'PRO',197,2,1,9.000,'2025-01-24',396.000,'FRANK'),(159,'PRO',197,2,2,18.000,'2025-01-24',535.000,'FRANK'),(160,'PRO',197,2,4,-18.000,'2025-01-24',-2188.000,'FRANK'),(161,'PRO',198,1,3,-160.000,'2025-01-24',50453.469,'FRANK'),(162,'PRO',198,2,1,0.000,'2025-01-24',405.000,'FRANK'),(163,'PRO',198,2,2,0.000,'2025-01-24',553.000,'FRANK'),(164,'PRO',198,2,4,0.000,'2025-01-24',-2206.000,'FRANK'),(165,'PRO',199,1,3,-800.000,'2025-01-24',50293.469,'FRANK'),(166,'PRO',199,2,1,0.000,'2025-01-24',405.000,'FRANK'),(167,'PRO',199,2,2,15.000,'2025-01-24',553.000,'FRANK'),(168,'PRO',199,2,4,-15.000,'2025-01-24',-2206.000,'FRANK'),(169,'PRO',200,1,3,-800.000,'2025-01-24',49493.469,'FRANK'),(170,'PRO',200,2,1,0.000,'2025-01-24',405.000,'FRANK'),(171,'PRO',200,2,2,15.000,'2025-01-24',568.000,'FRANK'),(172,'PRO',200,2,4,-15.000,'2025-01-24',-2221.000,'FRANK'),(173,'PRO',201,1,3,-961.000,'2025-01-24',48693.469,'FRANK'),(174,'PRO',201,2,1,8.000,'2025-01-24',405.000,'FRANK'),(175,'PRO',201,2,2,18.000,'2025-01-24',583.000,'FRANK'),(176,'PRO',201,2,4,-18.000,'2025-01-24',-2236.000,'FRANK'),(177,'PRO',202,1,3,-960.000,'2025-01-24',47732.469,'FRANK'),(178,'PRO',202,2,1,19.000,'2025-01-24',413.000,'FRANK'),(179,'PRO',202,2,2,18.000,'2025-01-24',601.000,'FRANK'),(180,'PRO',202,2,4,-18.000,'2025-01-24',-2254.000,'FRANK'),(181,'PRO',203,1,3,-960.000,'2025-01-24',46772.469,'FRANK'),(182,'PRO',204,1,3,-800.000,'2025-01-24',45812.469,'FRANK'),(183,'PRO',203,2,1,20.000,'2025-01-24',432.000,'FRANK'),(184,'PRO',203,2,2,18.000,'2025-01-24',619.000,'FRANK'),(185,'PRO',203,2,4,-18.000,'2025-01-24',-2272.000,'FRANK'),(186,'PRO',204,2,1,19.000,'2025-01-24',452.000,'FRANK'),(187,'PRO',204,2,2,15.000,'2025-01-24',637.000,'FRANK'),(188,'PRO',204,2,4,-15.000,'2025-01-24',-2290.000,'FRANK'),(189,'PRO',205,1,3,-960.000,'2025-01-24',45012.469,'FRANK'),(190,'PRO',205,2,1,0.000,'2025-01-24',471.000,'FRANK'),(191,'PRO',205,2,2,19.000,'2025-01-24',652.000,'FRANK'),(192,'PRO',205,2,4,-19.000,'2025-01-24',-2305.000,'FRANK'),(193,'PRO',206,1,3,-960.000,'2025-01-24',44052.469,'FRANK'),(194,'PRO',206,2,1,23.000,'2025-01-24',471.000,'FRANK'),(195,'PRO',206,2,2,18.000,'2025-01-24',671.000,'FRANK'),(196,'PRO',206,2,4,-18.000,'2025-01-24',-2324.000,'FRANK'),(197,'PRO',207,1,3,-640.000,'2025-01-24',43092.469,'FRANK'),(198,'PRO',207,2,1,15.000,'2025-01-24',494.000,'FRANK'),(199,'PRO',207,2,2,10.000,'2025-01-24',689.000,'FRANK'),(200,'PRO',207,2,4,-10.000,'2025-01-24',-2342.000,'FRANK'),(201,'PRO',208,1,3,-640.000,'2025-01-24',42452.469,'FRANK'),(202,'PRO',208,2,1,16.000,'2025-01-24',509.000,'FRANK'),(203,'PRO',208,2,2,10.000,'2025-01-24',699.000,'FRANK'),(204,'PRO',208,2,4,-10.000,'2025-01-24',-2352.000,'FRANK'),(205,'PRO',209,1,3,-480.000,'2025-01-24',41812.469,'FRANK'),(206,'PRO',209,2,1,4.000,'2025-01-24',525.000,'FRANK'),(207,'PRO',209,2,2,9.000,'2025-01-24',709.000,'FRANK'),(208,'PRO',209,2,4,-9.000,'2025-01-24',-2362.000,'FRANK'),(209,'PRO',210,1,3,-880.000,'2025-01-24',41332.469,'FRANK'),(210,'PRO',211,1,3,-880.000,'2025-01-24',40452.469,'FRANK'),(211,'PRO',212,1,3,-960.000,'2025-01-24',39572.469,'FRANK'),(212,'PRO',210,2,1,12.000,'2025-01-24',529.000,'FRANK'),(213,'PRO',210,2,2,18.000,'2025-01-24',718.000,'FRANK'),(214,'PRO',210,2,4,-18.000,'2025-01-24',-2371.000,'FRANK'),(215,'PRO',211,2,1,6.000,'2025-01-24',541.000,'FRANK'),(216,'PRO',211,2,2,18.000,'2025-01-24',736.000,'FRANK'),(217,'PRO',211,2,4,-18.000,'2025-01-24',-2389.000,'FRANK'),(218,'PRO',212,2,1,15.000,'2025-01-24',547.000,'FRANK'),(219,'PRO',212,2,2,18.000,'2025-01-24',754.000,'FRANK'),(220,'PRO',212,2,4,-18.000,'2025-01-24',-2407.000,'FRANK'),(221,'PRO',213,1,3,-960.000,'2025-01-24',38612.469,'FRANK'),(222,'PRO',214,1,3,-960.000,'2025-01-24',37652.469,'FRANK'),(223,'PRO',213,2,1,18.000,'2025-01-24',562.000,'FRANK'),(224,'PRO',213,2,2,19.000,'2025-01-24',772.000,'FRANK'),(225,'PRO',213,2,4,-19.000,'2025-01-24',-2425.000,'FRANK'),(226,'PRO',214,2,1,0.000,'2025-01-24',580.000,'FRANK'),(227,'PRO',214,2,2,17.000,'2025-01-24',791.000,'FRANK'),(228,'PRO',214,2,4,-17.000,'2025-01-24',-2444.000,'FRANK'),(229,'PRO',215,1,3,-960.000,'2025-01-24',36692.469,'FRANK'),(230,'PRO',216,1,3,-960.000,'2025-01-24',35732.469,'FRANK'),(231,'PRO',215,2,1,14.000,'2025-01-24',580.000,'FRANK'),(232,'PRO',215,2,2,18.000,'2025-01-24',808.000,'FRANK'),(233,'PRO',215,2,4,-18.000,'2025-01-24',-2461.000,'FRANK'),(234,'PRO',216,2,1,13.000,'2025-01-24',594.000,'FRANK'),(235,'PRO',216,2,2,16.000,'2025-01-24',826.000,'FRANK'),(236,'PRO',216,2,4,-16.000,'2025-01-24',-2479.000,'FRANK'),(237,'PRO',217,1,3,-960.000,'2025-01-24',34772.469,'FRANK'),(238,'PRO',217,2,1,0.000,'2025-01-24',607.000,'FRANK'),(239,'PRO',217,2,2,18.000,'2025-01-24',842.000,'FRANK'),(240,'PRO',217,2,4,-18.000,'2025-01-24',-2495.000,'FRANK'),(241,'PRO',218,1,3,-960.000,'2025-01-24',33812.469,'FRANK'),(242,'PRO',219,1,3,-960.000,'2025-01-24',32852.469,'FRANK'),(243,'PRO',218,2,1,0.000,'2025-01-24',607.000,'FRANK'),(244,'PRO',218,2,2,18.000,'2025-01-24',860.000,'FRANK'),(245,'PRO',218,2,4,-18.000,'2025-01-24',-2513.000,'FRANK'),(246,'PRO',219,2,1,12.000,'2025-01-24',607.000,'FRANK'),(247,'PRO',219,2,2,19.000,'2025-01-24',878.000,'FRANK'),(248,'PRO',219,2,4,-19.000,'2025-01-24',-2531.000,'FRANK'),(249,'PRO',220,1,3,-960.000,'2025-01-24',31892.471,'FRANK'),(250,'PRO',221,1,3,-960.000,'2025-01-24',30932.471,'FRANK'),(251,'PRO',220,2,1,0.000,'2025-01-24',619.000,'FRANK'),(252,'PRO',220,2,2,19.000,'2025-01-24',897.000,'FRANK'),(253,'PRO',220,2,4,-19.000,'2025-01-24',-2550.000,'FRANK'),(254,'PRO',221,2,1,13.000,'2025-01-24',619.000,'FRANK'),(255,'PRO',221,2,2,18.000,'2025-01-24',916.000,'FRANK'),(256,'PRO',221,2,4,-18.000,'2025-01-24',-2569.000,'FRANK'),(257,'PRO',222,1,3,-960.000,'2025-01-24',29972.471,'FRANK'),(258,'PRO',222,2,1,20.000,'2025-01-24',632.000,'FRANK'),(259,'PRO',222,2,2,18.000,'2025-01-24',934.000,'FRANK'),(260,'PRO',222,2,4,-18.000,'2025-01-24',-2587.000,'FRANK'),(261,'PRO',223,1,3,-960.000,'2025-01-24',29012.471,'FRANK'),(262,'PRO',223,2,1,21.000,'2025-01-24',652.000,'FRANK'),(263,'PRO',223,2,2,18.000,'2025-01-24',952.000,'FRANK'),(264,'PRO',223,2,4,-18.000,'2025-01-24',-2605.000,'FRANK'),(265,'PRO',224,1,3,-960.000,'2025-01-24',28052.471,'FRANK'),(266,'PRO',224,2,1,21.000,'2025-01-24',673.000,'FRANK'),(267,'PRO',224,2,2,18.000,'2025-01-24',970.000,'FRANK'),(268,'PRO',224,2,4,-18.000,'2025-01-24',-2623.000,'FRANK'),(269,'PRO',225,1,3,-960.000,'2025-01-24',27092.471,'FRANK'),(270,'PRO',225,2,1,0.000,'2025-01-24',694.000,'FRANK'),(271,'PRO',225,2,2,19.000,'2025-01-24',988.000,'FRANK'),(272,'PRO',225,2,4,-19.000,'2025-01-24',-2641.000,'FRANK'),(273,'PRO',226,1,3,-960.000,'2025-01-24',26132.471,'FRANK'),(274,'PRO',227,1,3,-880.000,'2025-01-24',25172.471,'FRANK'),(275,'PRO',226,2,1,0.000,'2025-01-24',694.000,'FRANK'),(276,'PRO',226,2,2,19.000,'2025-01-24',1007.000,'FRANK'),(277,'PRO',226,2,4,-19.000,'2025-01-24',-2660.000,'FRANK'),(278,'PRO',227,2,1,0.000,'2025-01-24',694.000,'FRANK'),(279,'PRO',227,2,2,16.000,'2025-01-24',1026.000,'FRANK'),(280,'PRO',227,2,4,-16.000,'2025-01-24',-2679.000,'FRANK'),(281,'PRO',228,1,3,-880.000,'2025-01-24',24292.471,'FRANK'),(282,'PRO',229,1,3,-960.000,'2025-01-24',23412.471,'FRANK'),(283,'PRO',228,2,1,0.000,'2025-01-24',694.000,'FRANK'),(284,'PRO',228,2,2,16.000,'2025-01-24',1042.000,'FRANK'),(285,'PRO',228,2,4,-16.000,'2025-01-24',-2695.000,'FRANK'),(286,'PRO',229,2,1,5.000,'2025-01-24',694.000,'FRANK'),(287,'PRO',229,2,2,19.000,'2025-01-24',1058.000,'FRANK'),(288,'PRO',229,2,4,-19.000,'2025-01-24',-2711.000,'FRANK'),(289,'PRO',230,1,3,-880.000,'2025-01-24',22452.471,'FRANK'),(290,'PRO',230,2,1,12.000,'2025-01-24',699.000,'FRANK'),(291,'PRO',230,2,2,18.000,'2025-01-24',1077.000,'FRANK'),(292,'PRO',230,2,4,-18.000,'2025-01-24',-2730.000,'FRANK'),(293,'PRO',231,1,3,-880.000,'2025-01-24',21572.471,'FRANK'),(294,'PRO',231,2,1,17.000,'2025-01-24',711.000,'FRANK'),(295,'PRO',231,2,2,18.000,'2025-01-24',1095.000,'FRANK'),(296,'PRO',231,2,4,-18.000,'2025-01-24',-2748.000,'FRANK'),(297,'PRO',232,1,3,-800.000,'2025-01-24',20692.471,'FRANK'),(298,'PRO',232,2,1,18.000,'2025-01-24',728.000,'FRANK'),(299,'PRO',232,2,2,18.000,'2025-01-24',1113.000,'FRANK'),(300,'PRO',232,2,4,-18.000,'2025-01-24',-2766.000,'FRANK'),(301,'PRO',233,1,3,-800.000,'2025-01-24',19892.471,'FRANK'),(302,'PRO',233,2,1,17.000,'2025-01-24',746.000,'FRANK'),(303,'PRO',233,2,2,18.000,'2025-01-24',1131.000,'FRANK'),(304,'PRO',233,2,4,-18.000,'2025-01-24',-2784.000,'FRANK'),(305,'PRO',234,1,3,-720.000,'2025-01-24',19092.471,'FRANK'),(306,'PRO',234,2,1,0.000,'2025-01-24',763.000,'FRANK'),(307,'PRO',234,2,2,17.000,'2025-01-24',1149.000,'FRANK'),(308,'PRO',234,2,4,-17.000,'2025-01-24',-2802.000,'FRANK'),(309,'PASt',0,2,1,-744.000,'2025-01-24',763.000,'FRANK'),(310,'PASt',0,2,2,31.000,'2025-01-24',1166.000,'FRANK'),(311,'PASt',0,2,4,-31.000,'2025-01-24',-2819.000,'FRANK'),(312,'TRAS',23,1,2,1197.000,'2025-01-24',1580.000,'FRANK'),(313,'TRAS',23,2,2,-1197.000,'2025-01-24',1197.000,'FRANK'),(314,'TRAS',24,1,1,19.000,'2025-01-24',0.000,'FRANK'),(315,'TRAS',24,2,1,-19.000,'2025-01-24',19.000,'FRANK'),(316,'FAC',17,1,2,-549.000,'2025-01-24',2777.000,'FRANK'),(317,'FAC',18,1,2,-105.000,'2025-01-24',2228.000,'FRANK'),(318,'AJUS',15,1,3,48400.000,'2025-01-24',18372.471,'FRANK'),(319,'AJUS',16,1,3,23760.000,'2025-01-24',66772.469,'FRANK'),(323,'PRO',235,2,1,15.000,'2025-01-27',0.000,'Fabian'),(324,'PRO',235,2,2,5.000,'2025-01-27',0.000,'Fabian'),(325,'PRO',235,2,4,-5.000,'2025-01-27',-2850.000,'Fabian'),(326,'PRO',236,2,1,14.000,'2025-01-27',15.000,'Fabian'),(327,'PRO',236,2,2,5.000,'2025-01-27',5.000,'Fabian'),(328,'PRO',236,2,4,-5.000,'2025-01-27',-2855.000,'Fabian'),(329,'PRO',237,2,1,11.000,'2025-01-27',29.000,'Fabian'),(330,'PRO',237,2,2,5.000,'2025-01-27',10.000,'Fabian'),(331,'PRO',237,2,4,-5.000,'2025-01-27',-2860.000,'Fabian'),(333,'PRO',238,2,1,13.000,'2025-01-27',40.000,'Fabian'),(334,'PRO',238,2,2,9.000,'2025-01-27',15.000,'Fabian'),(335,'PRO',238,2,4,-9.000,'2025-01-27',-2865.000,'Fabian'),(337,'PRO',239,2,1,13.000,'2025-01-27',53.000,'Fabian'),(338,'PRO',239,2,2,9.000,'2025-01-27',24.000,'Fabian'),(339,'PRO',239,2,4,-9.000,'2025-01-27',-2874.000,'Fabian'),(341,'PRO',240,2,1,8.000,'2025-01-27',66.000,'Fabian'),(342,'PRO',240,2,2,9.000,'2025-01-27',33.000,'Fabian'),(343,'PRO',240,2,4,-9.000,'2025-01-27',-2883.000,'Fabian'),(345,'PRO',241,2,1,0.000,'2025-01-28',74.000,'Fabian'),(346,'PRO',241,2,2,8.000,'2025-01-28',42.000,'Fabian'),(347,'PRO',241,2,4,-8.000,'2025-01-28',-2892.000,'Fabian'),(349,'PRO',242,2,1,21.000,'2025-01-28',74.000,'Fabian'),(350,'PRO',242,2,2,7.000,'2025-01-28',50.000,'Fabian'),(351,'PRO',242,2,4,-7.000,'2025-01-28',-2900.000,'Fabian'),(353,'PRO',243,2,1,5.000,'2025-01-28',95.000,'Fabian'),(354,'PRO',243,2,2,5.000,'2025-01-28',57.000,'Fabian'),(355,'PRO',243,2,4,-5.000,'2025-01-28',-2907.000,'Fabian'),(357,'PRO',244,2,1,20.000,'2025-01-28',100.000,'Fabian'),(358,'PRO',244,2,2,10.000,'2025-01-28',62.000,'Fabian'),(359,'PRO',244,2,4,-10.000,'2025-01-28',-2912.000,'Fabian'),(361,'PRO',245,2,1,20.000,'2025-01-28',120.000,'Fabian'),(362,'PRO',245,2,2,10.000,'2025-01-28',72.000,'Fabian'),(363,'PRO',245,2,4,-10.000,'2025-01-28',-2922.000,'Fabian'),(365,'PRO',246,2,1,22.000,'2025-01-28',140.000,'Fabian'),(366,'PRO',246,2,2,10.000,'2025-01-28',82.000,'Fabian'),(367,'PRO',246,2,4,-10.000,'2025-01-28',-2932.000,'Fabian'),(369,'PRO',247,2,1,0.000,'2025-01-29',162.000,'Fabian'),(370,'PRO',247,2,2,11.000,'2025-01-29',92.000,'Fabian'),(371,'PRO',247,2,4,-11.000,'2025-01-29',-2942.000,'Fabian'),(373,'PRO',248,2,1,0.000,'2025-01-29',162.000,'Fabian'),(374,'PRO',248,2,2,11.000,'2025-01-29',103.000,'Fabian'),(375,'PRO',248,2,4,-11.000,'2025-01-29',-2953.000,'Fabian'),(377,'PRO',249,2,1,0.000,'2025-01-29',162.000,'Fabian'),(378,'PRO',249,2,2,11.000,'2025-01-29',114.000,'Fabian'),(379,'PRO',249,2,4,-11.000,'2025-01-29',-2964.000,'Fabian'),(381,'PRO',250,2,1,8.000,'2025-01-29',162.000,'Fabian'),(382,'PRO',250,2,2,12.000,'2025-01-29',125.000,'Fabian'),(383,'PRO',250,2,4,-12.000,'2025-01-29',-2975.000,'Fabian'),(385,'PRO',251,2,1,10.000,'2025-01-29',170.000,'Fabian'),(386,'PRO',251,2,2,12.000,'2025-01-29',137.000,'Fabian'),(387,'PRO',251,2,4,-12.000,'2025-01-29',-2987.000,'Fabian'),(389,'PRO',252,2,1,15.000,'2025-01-29',180.000,'Fabian'),(390,'PRO',252,2,2,13.000,'2025-01-29',149.000,'Fabian'),(391,'PRO',252,2,4,-13.000,'2025-01-29',-2999.000,'Fabian'),(393,'PRO',253,2,1,21.000,'2025-01-30',195.000,'Fabian'),(394,'PRO',253,2,2,7.000,'2025-01-30',162.000,'Fabian'),(395,'PRO',253,2,4,-7.000,'2025-01-30',-3012.000,'Fabian'),(397,'PRO',254,2,1,23.000,'2025-01-30',216.000,'Fabian'),(398,'PRO',254,2,2,7.000,'2025-01-30',169.000,'Fabian'),(399,'PRO',254,2,4,-7.000,'2025-01-30',-3019.000,'Fabian'),(401,'PRO',255,2,1,5.000,'2025-01-30',239.000,'Fabian'),(402,'PRO',255,2,2,8.000,'2025-01-30',176.000,'Fabian'),(403,'PRO',255,2,4,-8.000,'2025-01-30',-3026.000,'Fabian'),(405,'PRO',256,2,1,12.000,'2025-01-30',244.000,'Fabian'),(406,'PRO',256,2,2,16.000,'2025-01-30',184.000,'Fabian'),(407,'PRO',256,2,4,-16.000,'2025-01-30',-3034.000,'Fabian'),(409,'PRO',257,2,1,1.000,'2025-01-30',256.000,'Fabian'),(410,'PRO',257,2,2,15.000,'2025-01-30',200.000,'Fabian'),(411,'PRO',257,2,4,-15.000,'2025-01-30',-3050.000,'Fabian'),(413,'PRO',258,2,1,10.000,'2025-01-30',257.000,'Fabian'),(414,'PRO',258,2,2,16.000,'2025-01-30',215.000,'Fabian'),(415,'PRO',258,2,4,-16.000,'2025-01-30',-3065.000,'Fabian'),(417,'PRO',259,2,1,21.000,'2025-01-31',267.000,'Fabian'),(418,'PRO',259,2,2,7.000,'2025-01-31',231.000,'Fabian'),(419,'PRO',259,2,4,-7.000,'2025-01-31',-3081.000,'Fabian'),(421,'PRO',260,2,1,23.000,'2025-01-31',288.000,'Fabian'),(422,'PRO',260,2,2,7.000,'2025-01-31',238.000,'Fabian'),(423,'PRO',260,2,4,-7.000,'2025-01-31',-3088.000,'Fabian'),(425,'PRO',261,2,1,5.000,'2025-01-31',311.000,'Fabian'),(426,'PRO',261,2,2,8.000,'2025-01-31',245.000,'Fabian'),(427,'PRO',261,2,4,-8.000,'2025-01-31',-3095.000,'Fabian'),(429,'PRO',262,2,1,7.000,'2025-02-03',316.000,'Fabian'),(430,'PRO',262,2,2,16.000,'2025-02-03',253.000,'Fabian'),(431,'PRO',262,2,4,-16.000,'2025-02-03',-3103.000,'Fabian'),(433,'PRO',263,2,1,4.000,'2025-02-03',323.000,'Fabian'),(434,'PRO',263,2,2,16.000,'2025-02-03',269.000,'Fabian'),(435,'PRO',263,2,4,-16.000,'2025-02-03',-3119.000,'Fabian'),(437,'PRO',264,2,1,16.000,'2025-02-03',327.000,'Fabian'),(438,'PRO',264,2,2,14.000,'2025-02-03',285.000,'Fabian'),(439,'PRO',264,2,4,-14.000,'2025-02-03',-3135.000,'Fabian'),(441,'PRO',265,2,1,14.000,'2025-02-03',343.000,'Fabian'),(442,'PRO',265,2,2,14.000,'2025-02-03',299.000,'Fabian'),(443,'PRO',265,2,4,-14.000,'2025-02-03',-3149.000,'Fabian'),(445,'PRO',266,2,1,7.000,'2025-02-03',357.000,'Fabian'),(446,'PRO',266,2,2,11.000,'2025-02-03',313.000,'Fabian'),(447,'PRO',266,2,4,-11.000,'2025-02-03',-3163.000,'Fabian'),(449,'PRO',267,2,1,18.000,'2025-02-03',364.000,'Fabian'),(450,'PRO',267,2,2,11.000,'2025-02-03',324.000,'Fabian'),(451,'PRO',267,2,4,-11.000,'2025-02-03',-3174.000,'Fabian'),(453,'PRO',268,2,1,10.000,'2025-02-04',382.000,'Fabian'),(454,'PRO',268,2,2,10.000,'2025-02-04',335.000,'Fabian'),(455,'PRO',268,2,4,-10.000,'2025-02-04',-3185.000,'Fabian'),(457,'PRO',269,2,1,8.000,'2025-02-04',392.000,'Fabian'),(458,'PRO',269,2,2,12.000,'2025-02-04',345.000,'Fabian'),(459,'PRO',269,2,4,-12.000,'2025-02-04',-3195.000,'Fabian'),(461,'PRO',270,2,1,7.000,'2025-02-04',400.000,'Fabian'),(462,'PRO',270,2,2,15.000,'2025-02-04',357.000,'Fabian'),(463,'PRO',270,2,4,-15.000,'2025-02-04',-3207.000,'Fabian'),(465,'PRO',271,2,1,7.000,'2025-02-04',407.000,'Fabian'),(466,'PRO',271,2,2,15.000,'2025-02-04',372.000,'Fabian'),(467,'PRO',271,2,4,-15.000,'2025-02-04',-3222.000,'Fabian'),(469,'PRO',272,2,1,19.000,'2025-02-04',414.000,'Fabian'),(470,'PRO',272,2,2,17.000,'2025-02-04',387.000,'Fabian'),(471,'PRO',272,2,4,-17.000,'2025-02-04',-3237.000,'Fabian'),(473,'PRO',273,2,1,10.000,'2025-02-05',433.000,'Fabian'),(474,'PRO',273,2,2,15.000,'2025-02-05',404.000,'Fabian'),(475,'PRO',273,2,4,-15.000,'2025-02-05',-3254.000,'Fabian'),(477,'PRO',274,2,1,2.000,'2025-02-05',443.000,'Fabian'),(478,'PRO',274,2,2,15.000,'2025-02-05',419.000,'Fabian'),(479,'PRO',274,2,4,-15.000,'2025-02-05',-3269.000,'Fabian'),(481,'PRO',275,2,1,6.000,'2025-02-05',445.000,'Fabian'),(482,'PRO',275,2,2,14.000,'2025-02-05',434.000,'Fabian'),(483,'PRO',275,2,4,-14.000,'2025-02-05',-3284.000,'Fabian'),(485,'PRO',276,2,1,2.000,'2025-02-05',451.000,'Fabian'),(486,'PRO',276,2,2,16.000,'2025-02-05',448.000,'Fabian'),(487,'PRO',276,2,4,-16.000,'2025-02-05',-3298.000,'Fabian'),(489,'PRO',277,2,1,7.000,'2025-02-05',453.000,'Fabian'),(490,'PRO',277,2,2,17.000,'2025-02-05',464.000,'Fabian'),(491,'PRO',277,2,4,-17.000,'2025-02-05',-3314.000,'Fabian'),(493,'PRO',278,2,1,20.000,'2025-02-05',460.000,'Fabian'),(494,'PRO',278,2,2,16.000,'2025-02-05',481.000,'Fabian'),(495,'PRO',278,2,4,-16.000,'2025-02-05',-3331.000,'Fabian'),(497,'PRO',279,2,1,12.000,'2025-02-06',480.000,'Fabian'),(498,'PRO',279,2,2,16.000,'2025-02-06',497.000,'Fabian'),(499,'PRO',279,2,4,-16.000,'2025-02-06',-3347.000,'Fabian'),(501,'PRO',280,2,1,19.000,'2025-02-06',492.000,'Fabian'),(502,'PRO',280,2,2,13.000,'2025-02-06',513.000,'Fabian'),(503,'PRO',280,2,4,-13.000,'2025-02-06',-3363.000,'Fabian'),(505,'PRO',281,2,1,2.000,'2025-02-06',511.000,'Fabian'),(506,'PRO',281,2,2,15.000,'2025-02-06',526.000,'Fabian'),(507,'PRO',281,2,4,-15.000,'2025-02-06',-3376.000,'Fabian'),(509,'PRO',282,2,1,12.000,'2025-02-06',513.000,'Fabian'),(510,'PRO',282,2,2,18.000,'2025-02-06',541.000,'Fabian'),(511,'PRO',282,2,4,-18.000,'2025-02-06',-3391.000,'Fabian'),(513,'PRO',283,2,1,10.000,'2025-02-06',525.000,'Fabian'),(514,'PRO',283,2,2,17.000,'2025-02-06',559.000,'Fabian'),(515,'PRO',283,2,4,-17.000,'2025-02-06',-3409.000,'Fabian'),(517,'PRO',284,2,1,1.000,'2025-02-06',535.000,'Fabian'),(518,'PRO',284,2,2,17.000,'2025-02-06',576.000,'Fabian'),(519,'PRO',284,2,4,-17.000,'2025-02-06',-3426.000,'Fabian'),(521,'PRO',285,2,1,7.000,'2025-02-07',536.000,'Fabian'),(522,'PRO',285,2,2,16.000,'2025-02-07',593.000,'Fabian'),(523,'PRO',285,2,4,-16.000,'2025-02-07',-3443.000,'Fabian'),(525,'PRO',286,2,1,7.000,'2025-02-07',543.000,'Fabian'),(526,'PRO',286,2,2,14.000,'2025-02-07',609.000,'Fabian'),(527,'PRO',286,2,4,-14.000,'2025-02-07',-3459.000,'Fabian'),(529,'PRO',287,2,1,5.000,'2025-02-07',550.000,'Fabian'),(530,'PRO',287,2,2,14.000,'2025-02-07',623.000,'Fabian'),(531,'PRO',287,2,4,-14.000,'2025-02-07',-3473.000,'Fabian'),(533,'PRO',288,2,1,10.000,'2025-02-07',555.000,'Fabian'),(534,'PRO',288,2,2,18.000,'2025-02-07',637.000,'Fabian'),(535,'PRO',288,2,4,-18.000,'2025-02-07',-3487.000,'Fabian'),(537,'PRO',289,2,1,0.000,'2025-02-07',565.000,'Fabian'),(538,'PRO',289,2,2,17.000,'2025-02-07',655.000,'Fabian'),(539,'PRO',289,2,4,-17.000,'2025-02-07',-3505.000,'Fabian'),(541,'PRO',290,2,1,10.000,'2025-02-07',565.000,'Fabian'),(542,'PRO',290,2,2,18.000,'2025-02-07',672.000,'Fabian'),(543,'PRO',290,2,4,-18.000,'2025-02-07',-3522.000,'Fabian'),(545,'PRO',291,2,1,17.000,'2025-02-24',575.000,'Fabian'),(546,'PRO',291,2,2,10.000,'2025-02-24',690.000,'Fabian'),(547,'PRO',291,2,4,-10.000,'2025-02-24',-3540.000,'Fabian'),(549,'PRO',292,2,1,18.000,'2025-02-24',592.000,'Fabian'),(550,'PRO',292,2,2,10.000,'2025-02-24',700.000,'Fabian'),(551,'PRO',292,2,4,-10.000,'2025-02-24',-3550.000,'Fabian'),(553,'PRO',293,2,1,18.000,'2025-02-24',610.000,'Fabian'),(554,'PRO',293,2,2,10.000,'2025-02-24',710.000,'Fabian'),(555,'PRO',293,2,4,-10.000,'2025-02-24',-3560.000,'Fabian'),(557,'PRO',294,2,1,0.000,'2025-02-24',628.000,'Fabian'),(558,'PRO',294,2,2,15.000,'2025-02-24',720.000,'Fabian'),(559,'PRO',294,2,4,-15.000,'2025-02-24',-3570.000,'Fabian'),(561,'PRO',295,2,1,4.000,'2025-02-24',628.000,'Fabian'),(562,'PRO',295,2,2,15.000,'2025-02-24',735.000,'Fabian'),(563,'PRO',295,2,4,-15.000,'2025-02-24',-3585.000,'Fabian'),(565,'PRO',296,2,1,20.000,'2025-02-24',632.000,'Fabian'),(566,'PRO',296,2,2,14.000,'2025-02-24',750.000,'Fabian'),(567,'PRO',296,2,4,-14.000,'2025-02-24',-3600.000,'Fabian'),(569,'PRO',297,2,1,0.000,'2025-02-25',652.000,'Fabian'),(570,'PRO',297,2,2,14.000,'2025-02-25',764.000,'Fabian'),(571,'PRO',297,2,4,-14.000,'2025-02-25',-3614.000,'Fabian'),(573,'PRO',298,2,1,2.000,'2025-02-25',652.000,'Fabian'),(574,'PRO',298,2,2,14.000,'2025-02-25',778.000,'Fabian'),(575,'PRO',298,2,4,-14.000,'2025-02-25',-3628.000,'Fabian'),(577,'PRO',299,2,1,0.000,'2025-02-25',654.000,'Fabian'),(578,'PRO',299,2,2,14.000,'2025-02-25',792.000,'Fabian'),(579,'PRO',299,2,4,-14.000,'2025-02-25',-3642.000,'Fabian'),(581,'PRO',300,2,1,10.000,'2025-02-25',654.000,'Fabian'),(582,'PRO',300,2,2,15.000,'2025-02-25',806.000,'Fabian'),(583,'PRO',300,2,4,-15.000,'2025-02-25',-3656.000,'Fabian'),(585,'PRO',301,2,1,21.000,'2025-02-25',664.000,'Fabian'),(586,'PRO',301,2,2,14.000,'2025-02-25',821.000,'Fabian'),(587,'PRO',301,2,4,-14.000,'2025-02-25',-3671.000,'Fabian'),(589,'PRO',302,2,1,12.000,'2025-02-25',685.000,'Fabian'),(590,'PRO',302,2,2,13.000,'2025-02-25',835.000,'Fabian'),(591,'PRO',302,2,4,-13.000,'2025-02-25',-3685.000,'Fabian'),(593,'PRO',303,2,1,10.000,'2025-02-26',697.000,'Fabian'),(594,'PRO',303,2,2,16.000,'2025-02-26',848.000,'Fabian'),(595,'PRO',303,2,4,-16.000,'2025-02-26',-3698.000,'Fabian'),(597,'PRO',304,2,1,14.000,'2025-02-26',707.000,'Fabian'),(598,'PRO',304,2,2,16.000,'2025-02-26',864.000,'Fabian'),(599,'PRO',304,2,4,-16.000,'2025-02-26',-3714.000,'Fabian'),(601,'PRO',305,2,1,10.000,'2025-02-26',721.000,'Fabian'),(602,'PRO',305,2,2,16.000,'2025-02-26',880.000,'Fabian'),(603,'PRO',305,2,4,-16.000,'2025-02-26',-3730.000,'Fabian'),(605,'PRO',306,2,1,18.000,'2025-02-26',731.000,'Fabian'),(606,'PRO',306,2,2,15.000,'2025-02-26',896.000,'Fabian'),(607,'PRO',306,2,4,-15.000,'2025-02-26',-3746.000,'Fabian'),(609,'PRO',307,2,1,11.000,'2025-02-26',749.000,'Fabian'),(610,'PRO',307,2,2,15.000,'2025-02-26',911.000,'Fabian'),(611,'PRO',307,2,4,-15.000,'2025-02-26',-3761.000,'Fabian'),(613,'PRO',308,2,1,7.000,'2025-02-26',760.000,'Fabian'),(614,'PRO',308,2,2,15.000,'2025-02-26',926.000,'Fabian'),(615,'PRO',308,2,4,-15.000,'2025-02-26',-3776.000,'Fabian'),(617,'PRO',309,2,1,15.000,'2025-02-27',767.000,'Fabian'),(618,'PRO',309,2,2,16.000,'2025-02-27',941.000,'Fabian'),(619,'PRO',309,2,4,-16.000,'2025-02-27',-3791.000,'Fabian'),(621,'PRO',310,2,1,4.000,'2025-02-27',782.000,'Fabian'),(622,'PRO',310,2,2,18.000,'2025-02-27',957.000,'Fabian'),(623,'PRO',310,2,4,-18.000,'2025-02-27',-3807.000,'Fabian'),(625,'PRO',311,2,1,10.000,'2025-02-27',786.000,'Fabian'),(626,'PRO',311,2,2,16.000,'2025-02-27',975.000,'Fabian'),(627,'PRO',311,2,4,-16.000,'2025-02-27',-3825.000,'Fabian'),(629,'PRO',312,2,1,12.000,'2025-02-27',796.000,'Fabian'),(630,'PRO',312,2,2,16.000,'2025-02-27',991.000,'Fabian'),(631,'PRO',312,2,4,-16.000,'2025-02-27',-3841.000,'Fabian'),(633,'PRO',313,2,1,13.000,'2025-02-27',808.000,'Fabian'),(634,'PRO',313,2,2,16.000,'2025-02-27',1007.000,'Fabian'),(635,'PRO',313,2,4,-16.000,'2025-02-27',-3857.000,'Fabian'),(637,'PRO',314,2,1,12.000,'2025-02-27',821.000,'Fabian'),(638,'PRO',314,2,2,16.000,'2025-02-27',1023.000,'Fabian'),(639,'PRO',314,2,4,-16.000,'2025-02-27',-3873.000,'Fabian'),(641,'PRO',315,2,1,17.000,'2025-02-28',833.000,'Fabian'),(642,'PRO',315,2,2,2.000,'2025-02-28',1039.000,'Fabian'),(643,'PRO',315,2,4,-2.000,'2025-02-28',-3889.000,'Fabian'),(645,'PRO',316,2,1,16.000,'2025-02-28',850.000,'Fabian'),(646,'PRO',316,2,2,2.000,'2025-02-28',1041.000,'Fabian'),(647,'PRO',316,2,4,-2.000,'2025-02-28',-3891.000,'Fabian'),(649,'PRO',317,2,1,5.000,'2025-02-28',866.000,'Fabian'),(650,'PRO',317,2,2,5.000,'2025-02-28',1043.000,'Fabian'),(651,'PRO',317,2,4,-5.000,'2025-02-28',-3893.000,'Fabian'),(653,'PRO',318,2,1,10.000,'2025-02-28',871.000,'Fabian'),(654,'PRO',318,2,2,16.000,'2025-02-28',1048.000,'Fabian'),(655,'PRO',318,2,4,-16.000,'2025-02-28',-3898.000,'Fabian'),(657,'PRO',319,2,1,11.000,'2025-02-28',881.000,'Fabian'),(658,'PRO',319,2,2,15.000,'2025-02-28',1064.000,'Fabian'),(659,'PRO',319,2,4,-15.000,'2025-02-28',-3914.000,'Fabian'),(661,'PRO',320,2,1,0.000,'2025-02-28',892.000,'Fabian'),(662,'PRO',320,2,2,14.000,'2025-02-28',1079.000,'Fabian'),(663,'PRO',320,2,4,-14.000,'2025-02-28',-3929.000,'Fabian'),(668,'PRO',321,2,1,15.000,'2025-03-03',4.000,'Fabian'),(669,'PRO',321,2,2,12.000,'2025-03-03',1130.000,'Fabian'),(670,'PRO',321,2,4,-12.000,'2025-03-03',-3980.000,'Fabian'),(672,'PRO',322,2,1,7.000,'2025-03-03',19.000,'Fabian'),(673,'PRO',322,2,2,12.000,'2025-03-03',1142.000,'Fabian'),(674,'PRO',322,2,4,-12.000,'2025-03-03',-3992.000,'Fabian'),(676,'PRO',323,2,1,21.000,'2025-03-03',26.000,'Fabian'),(677,'PRO',323,2,2,14.000,'2025-03-03',1154.000,'Fabian'),(678,'PRO',323,2,4,-14.000,'2025-03-03',-4004.000,'Fabian'),(680,'PRO',324,2,1,19.000,'2025-03-03',47.000,'Fabian'),(681,'PRO',324,2,2,13.000,'2025-03-03',1168.000,'Fabian'),(682,'PRO',324,2,4,-13.000,'2025-03-03',-4018.000,'Fabian'),(684,'PRO',325,2,1,22.000,'2025-03-04',66.000,'Fabian'),(685,'PRO',325,2,2,13.000,'2025-03-04',1181.000,'Fabian'),(686,'PRO',325,2,4,-13.000,'2025-03-04',-4031.000,'Fabian'),(688,'PRO',326,2,1,15.000,'2025-03-04',88.000,'Fabian'),(689,'PRO',326,2,2,12.000,'2025-03-04',1194.000,'Fabian'),(690,'PRO',326,2,4,-12.000,'2025-03-04',-4044.000,'Fabian'),(692,'PRO',327,2,1,2.000,'2025-03-04',103.000,'Fabian'),(693,'PRO',327,2,2,15.000,'2025-03-04',1206.000,'Fabian'),(694,'PRO',327,2,4,-15.000,'2025-03-04',-4056.000,'Fabian'),(696,'PRO',328,2,1,13.000,'2025-03-04',105.000,'Fabian'),(697,'PRO',328,2,2,13.000,'2025-03-04',1221.000,'Fabian'),(698,'PRO',328,2,4,-13.000,'2025-03-04',-4071.000,'Fabian'),(700,'PRO',329,2,1,6.000,'2025-03-05',118.000,'Fabian'),(701,'PRO',329,2,2,13.000,'2025-03-05',1234.000,'Fabian'),(702,'PRO',329,2,4,-13.000,'2025-03-05',-4084.000,'Fabian'),(704,'PRO',330,2,1,22.000,'2025-03-05',124.000,'Fabian'),(705,'PRO',330,2,2,14.000,'2025-03-05',1247.000,'Fabian'),(706,'PRO',330,2,4,-14.000,'2025-03-05',-4097.000,'Fabian'),(708,'PRO',331,2,1,15.000,'2025-03-05',146.000,'Fabian'),(709,'PRO',331,2,2,15.000,'2025-03-05',1261.000,'Fabian'),(710,'PRO',331,2,4,-15.000,'2025-03-05',-4111.000,'Fabian'),(712,'PRO',332,2,1,17.000,'2025-03-05',161.000,'Fabian'),(713,'PRO',332,2,2,15.000,'2025-03-05',1276.000,'Fabian'),(714,'PRO',332,2,4,-15.000,'2025-03-05',-4126.000,'Fabian'),(716,'PRO',333,2,1,0.000,'2025-03-06',178.000,'Fabian'),(717,'PRO',333,2,2,15.000,'2025-03-06',1291.000,'Fabian'),(718,'PRO',333,2,4,-15.000,'2025-03-06',-4141.000,'Fabian'),(720,'PRO',334,2,1,4.000,'2025-03-06',178.000,'Fabian'),(721,'PRO',334,2,2,15.000,'2025-03-06',1306.000,'Fabian'),(722,'PRO',334,2,4,-15.000,'2025-03-06',-4156.000,'Fabian'),(724,'PRO',335,2,1,1.000,'2025-03-06',182.000,'Fabian'),(725,'PRO',335,2,2,17.000,'2025-03-06',1321.000,'Fabian'),(726,'PRO',335,2,4,-17.000,'2025-03-06',-4171.000,'Fabian'),(728,'PRO',336,2,1,14.000,'2025-03-06',183.000,'Fabian'),(729,'PRO',336,2,2,16.000,'2025-03-06',1338.000,'Fabian'),(730,'PRO',336,2,4,-16.000,'2025-03-06',-4188.000,'Fabian'),(732,'PRO',337,2,1,12.000,'2025-03-07',197.000,'Fabian'),(733,'PRO',337,2,2,12.000,'2025-03-07',1354.000,'Fabian'),(734,'PRO',337,2,4,-12.000,'2025-03-07',-4204.000,'Fabian'),(736,'PRO',338,2,1,14.000,'2025-03-07',209.000,'Fabian'),(737,'PRO',338,2,2,12.000,'2025-03-07',1366.000,'Fabian'),(738,'PRO',338,2,4,-12.000,'2025-03-07',-4216.000,'Fabian'),(740,'PRO',339,2,1,2.000,'2025-03-07',223.000,'Fabian'),(741,'PRO',339,2,2,11.000,'2025-03-07',1378.000,'Fabian'),(742,'PRO',339,2,4,-11.000,'2025-03-07',-4228.000,'Fabian'),(744,'PRO',340,2,1,0.000,'2025-03-07',225.000,'Fabian'),(745,'PRO',340,2,2,13.000,'2025-03-07',1389.000,'Fabian'),(746,'PRO',340,2,4,-13.000,'2025-03-07',-4239.000,'Fabian'),(748,'PRO',341,2,1,3.000,'2025-04-08',225.000,'Fabian'),(749,'PRO',341,2,2,13.000,'2025-04-08',1402.000,'Fabian'),(750,'PRO',341,2,4,-13.000,'2025-04-08',-4252.000,'Fabian'),(752,'PRO',342,2,1,13.000,'2025-04-08',228.000,'Fabian'),(753,'PRO',342,2,2,13.000,'2025-04-08',1415.000,'Fabian'),(754,'PRO',342,2,4,-13.000,'2025-04-08',-4265.000,'Fabian'),(756,'PRO',343,2,1,14.000,'2025-04-08',241.000,'Fabian'),(757,'PRO',343,2,2,14.000,'2025-04-08',1428.000,'Fabian'),(758,'PRO',343,2,4,-14.000,'2025-04-08',-4278.000,'Fabian'),(760,'PRO',344,2,1,10.000,'2025-04-09',255.000,'Fabian'),(761,'PRO',344,2,2,18.000,'2025-04-09',1442.000,'Fabian'),(762,'PRO',344,2,4,-18.000,'2025-04-09',-4292.000,'Fabian'),(764,'PRO',345,2,1,0.000,'2025-04-09',265.000,'Fabian'),(765,'PRO',345,2,2,18.000,'2025-04-09',1460.000,'Fabian'),(766,'PRO',345,2,4,-18.000,'2025-04-09',-4310.000,'Fabian'),(768,'PRO',346,2,1,4.000,'2025-04-09',265.000,'Fabian'),(769,'PRO',346,2,2,18.000,'2025-04-09',1478.000,'Fabian'),(770,'PRO',346,2,4,-18.000,'2025-04-09',-4328.000,'Fabian'),(772,'PRO',347,2,1,14.000,'2025-04-10',269.000,'Fabian'),(773,'PRO',347,2,2,18.000,'2025-04-10',1496.000,'Fabian'),(774,'PRO',347,2,4,-18.000,'2025-04-10',-4346.000,'Fabian'),(776,'PRO',348,2,1,13.000,'2025-04-10',283.000,'Fabian'),(777,'PRO',348,2,2,18.000,'2025-04-10',1514.000,'Fabian'),(778,'PRO',348,2,4,-18.000,'2025-04-10',-4364.000,'Fabian'),(780,'PRO',349,2,1,14.000,'2025-04-10',296.000,'Fabian'),(781,'PRO',349,2,2,18.000,'2025-04-10',1532.000,'Fabian'),(782,'PRO',349,2,4,-18.000,'2025-04-10',-4382.000,'Fabian'),(784,'PRO',350,2,1,6.000,'2025-04-11',310.000,'Fabian'),(785,'PRO',350,2,2,12.000,'2025-04-11',1550.000,'Fabian'),(786,'PRO',350,2,4,-12.000,'2025-04-11',-4400.000,'Fabian'),(788,'PRO',351,2,1,10.000,'2025-04-11',316.000,'Fabian'),(789,'PRO',351,2,2,12.000,'2025-04-11',1562.000,'Fabian'),(790,'PRO',351,2,4,-12.000,'2025-04-11',-4412.000,'Fabian'),(792,'PRO',352,2,1,10.000,'2025-04-11',326.000,'Fabian'),(793,'PRO',352,2,2,12.000,'2025-04-11',1574.000,'Fabian'),(794,'PRO',352,2,4,-12.000,'2025-04-11',-4424.000,'Fabian'),(796,'PRO',353,2,1,21.000,'2025-04-14',336.000,'Fabian'),(797,'PRO',353,2,2,17.000,'2025-04-14',1586.000,'Fabian'),(798,'PRO',353,2,4,-17.000,'2025-04-14',-4436.000,'Fabian'),(800,'PRO',354,2,1,2.000,'2025-04-14',357.000,'Fabian'),(801,'PRO',354,2,2,18.000,'2025-04-14',1603.000,'Fabian'),(802,'PRO',354,2,4,-18.000,'2025-04-14',-4453.000,'Fabian'),(804,'PRO',355,2,1,7.000,'2025-04-14',359.000,'Fabian'),(805,'PRO',355,2,2,16.000,'2025-04-14',1621.000,'Fabian'),(806,'PRO',355,2,4,-16.000,'2025-04-14',-4471.000,'Fabian'),(808,'PRO',356,2,1,6.000,'2025-04-23',366.000,'Fabian'),(809,'PRO',356,2,2,6.000,'2025-04-23',1637.000,'Fabian'),(810,'PRO',356,2,4,-6.000,'2025-04-23',-4487.000,'Fabian'),(812,'PRO',357,2,1,16.000,'2025-04-23',372.000,'Fabian'),(813,'PRO',357,2,2,12.000,'2025-04-23',1643.000,'Fabian'),(814,'PRO',357,2,4,-12.000,'2025-04-23',-4493.000,'Fabian'),(816,'PRO',358,2,1,13.000,'2025-04-23',388.000,'Fabian'),(817,'PRO',358,2,2,7.000,'2025-04-23',1655.000,'Fabian'),(818,'PRO',358,2,4,-7.000,'2025-04-23',-4505.000,'Fabian'),(820,'PRO',359,2,1,2.000,'2025-04-23',401.000,'Fabian'),(821,'PRO',359,2,2,19.000,'2025-04-23',1662.000,'Fabian'),(822,'PRO',359,2,4,-19.000,'2025-04-23',-4512.000,'Fabian'),(824,'PRO',360,2,1,2.000,'2025-04-23',403.000,'Fabian'),(825,'PRO',360,2,2,16.000,'2025-04-23',1681.000,'Fabian'),(826,'PRO',360,2,4,-16.000,'2025-04-23',-4531.000,'Fabian'),(828,'PRO',361,2,1,10.000,'2025-04-23',405.000,'Fabian'),(829,'PRO',361,2,2,17.000,'2025-04-23',1697.000,'Fabian'),(830,'PRO',361,2,4,-17.000,'2025-04-23',-4547.000,'Fabian'),(832,'PRO',362,2,1,20.000,'2025-04-24',415.000,'Fabian'),(833,'PRO',362,2,2,17.000,'2025-04-24',1714.000,'Fabian'),(834,'PRO',362,2,4,-17.000,'2025-04-24',-4564.000,'Fabian'),(836,'PRO',363,2,1,2.000,'2025-04-24',435.000,'Fabian'),(837,'PRO',363,2,2,16.000,'2025-04-24',1731.000,'Fabian'),(838,'PRO',363,2,4,-16.000,'2025-04-24',-4581.000,'Fabian'),(840,'PRO',364,2,1,1.000,'2025-04-24',437.000,'Fabian'),(841,'PRO',364,2,2,16.000,'2025-04-24',1747.000,'Fabian'),(842,'PRO',364,2,4,-16.000,'2025-04-24',-4597.000,'Fabian'),(844,'PRO',365,2,1,22.000,'2025-04-24',438.000,'Fabian'),(845,'PRO',365,2,2,13.000,'2025-04-24',1763.000,'Fabian'),(846,'PRO',365,2,4,-13.000,'2025-04-24',-4613.000,'Fabian'),(848,'PRO',366,2,1,18.000,'2025-04-24',460.000,'Fabian'),(849,'PRO',366,2,2,14.000,'2025-04-24',1776.000,'Fabian'),(850,'PRO',366,2,4,-14.000,'2025-04-24',-4626.000,'Fabian'),(852,'PRO',367,2,1,16.000,'2025-04-24',478.000,'Fabian'),(853,'PRO',367,2,2,15.000,'2025-04-24',1790.000,'Fabian'),(854,'PRO',367,2,4,-15.000,'2025-04-24',-4640.000,'Fabian'),(856,'PRO',368,2,1,23.000,'2025-04-25',494.000,'Fabian'),(857,'PRO',368,2,2,12.000,'2025-04-25',1805.000,'Fabian'),(858,'PRO',368,2,4,-12.000,'2025-04-25',-4655.000,'Fabian'),(860,'PRO',369,2,1,16.000,'2025-04-25',517.000,'Fabian'),(861,'PRO',369,2,2,13.000,'2025-04-25',1817.000,'Fabian'),(862,'PRO',369,2,4,-13.000,'2025-04-25',-4667.000,'Fabian'),(864,'PRO',370,2,1,6.000,'2025-04-25',533.000,'Fabian'),(865,'PRO',370,2,2,15.000,'2025-04-25',1830.000,'Fabian'),(866,'PRO',370,2,4,-15.000,'2025-04-25',-4680.000,'Fabian'),(868,'PRO',371,2,1,0.000,'2025-04-28',539.000,'Fabian'),(869,'PRO',371,2,2,18.000,'2025-04-28',1845.000,'Fabian'),(870,'PRO',371,2,4,-18.000,'2025-04-28',-4695.000,'Fabian'),(872,'PRO',372,2,1,16.000,'2025-04-28',539.000,'Fabian'),(873,'PRO',372,2,2,16.000,'2025-04-28',1863.000,'Fabian'),(874,'PRO',372,2,4,-16.000,'2025-04-28',-4713.000,'Fabian'),(876,'PRO',373,2,1,14.000,'2025-04-28',555.000,'Fabian'),(877,'PRO',373,2,2,17.000,'2025-04-28',1879.000,'Fabian'),(878,'PRO',373,2,4,-17.000,'2025-04-28',-4729.000,'Fabian'),(880,'PRO',374,2,1,7.000,'2025-04-28',569.000,'Fabian'),(881,'PRO',374,2,2,21.000,'2025-04-28',1896.000,'Fabian'),(882,'PRO',374,2,4,-21.000,'2025-04-28',-4746.000,'Fabian'),(884,'PRO',375,2,1,15.000,'2025-04-28',576.000,'Fabian'),(885,'PRO',375,2,2,17.000,'2025-04-28',1917.000,'Fabian'),(886,'PRO',375,2,4,-17.000,'2025-04-28',-4767.000,'Fabian'),(888,'PRO',376,2,1,17.000,'2025-04-29',591.000,'Fabian'),(889,'PRO',376,2,2,18.000,'2025-04-29',1934.000,'Fabian'),(890,'PRO',376,2,4,-18.000,'2025-04-29',-4784.000,'Fabian'),(892,'PRO',377,2,1,16.000,'2025-04-29',608.000,'Fabian'),(893,'PRO',377,2,2,16.000,'2025-04-29',1952.000,'Fabian'),(894,'PRO',377,2,4,-16.000,'2025-04-29',-4802.000,'Fabian'),(896,'PRO',378,2,1,1.000,'2025-04-29',624.000,'Fabian'),(897,'PRO',378,2,2,16.000,'2025-04-29',1968.000,'Fabian'),(898,'PRO',378,2,4,-16.000,'2025-04-29',-4818.000,'Fabian'),(900,'PRO',379,2,1,5.000,'2025-04-29',625.000,'Fabian'),(901,'PRO',379,2,2,18.000,'2025-04-29',1984.000,'Fabian'),(902,'PRO',379,2,4,-18.000,'2025-04-29',-4834.000,'Fabian'),(904,'PRO',380,2,1,12.000,'2025-04-29',630.000,'Fabian'),(905,'PRO',380,2,2,16.000,'2025-04-29',2002.000,'Fabian'),(906,'PRO',380,2,4,-16.000,'2025-04-29',-4852.000,'Fabian'),(908,'PRO',381,2,1,15.000,'2025-04-30',642.000,'Fabian'),(909,'PRO',381,2,2,17.000,'2025-04-30',2018.000,'Fabian'),(910,'PRO',381,2,4,-17.000,'2025-04-30',-4868.000,'Fabian'),(912,'PRO',382,2,1,13.000,'2025-04-30',657.000,'Fabian'),(913,'PRO',382,2,2,16.000,'2025-04-30',2035.000,'Fabian'),(914,'PRO',382,2,4,-16.000,'2025-04-30',-4885.000,'Fabian'),(916,'PRO',383,2,1,22.000,'2025-04-30',670.000,'Fabian'),(917,'PRO',383,2,2,16.000,'2025-04-30',2051.000,'Fabian'),(918,'PRO',383,2,4,-16.000,'2025-04-30',-4901.000,'Fabian'),(920,'PRO',384,2,1,9.000,'2025-04-30',692.000,'Fabian'),(921,'PRO',384,2,2,18.000,'2025-04-30',2067.000,'Fabian'),(922,'PRO',384,2,4,-18.000,'2025-04-30',-4917.000,'Fabian'),(924,'PRO',385,2,1,18.000,'2025-04-30',701.000,'Fabian'),(925,'PRO',385,2,2,16.000,'2025-04-30',2085.000,'Fabian'),(926,'PRO',385,2,4,-16.000,'2025-04-30',-4935.000,'Fabian'),(928,'PRO',386,2,1,9.000,'2025-05-01',719.000,'Fabian'),(929,'PRO',386,2,2,16.000,'2025-05-01',2101.000,'Fabian'),(930,'PRO',386,2,4,-16.000,'2025-05-01',-4951.000,'Fabian'),(932,'PRO',387,2,1,17.000,'2025-05-01',728.000,'Fabian'),(933,'PRO',387,2,2,17.000,'2025-05-01',2117.000,'Fabian'),(934,'PRO',387,2,4,-17.000,'2025-05-01',-4967.000,'Fabian'),(936,'PRO',388,2,1,6.000,'2025-05-01',745.000,'Fabian'),(937,'PRO',388,2,2,16.000,'2025-05-01',2134.000,'Fabian'),(938,'PRO',388,2,4,-16.000,'2025-05-01',-4984.000,'Fabian'),(940,'PRO',389,2,1,19.000,'2025-05-01',751.000,'Fabian'),(941,'PRO',389,2,2,17.000,'2025-05-01',2150.000,'Fabian'),(942,'PRO',389,2,4,-17.000,'2025-05-01',-5000.000,'Fabian'),(944,'PRO',390,2,1,17.000,'2025-05-01',770.000,'Fabian'),(945,'PRO',390,2,2,16.000,'2025-05-01',2167.000,'Fabian'),(946,'PRO',390,2,4,-16.000,'2025-05-01',-5017.000,'Fabian'),(948,'PRO',391,2,1,6.000,'2025-05-02',787.000,'Fabian'),(949,'PRO',391,2,2,13.000,'2025-05-02',2183.000,'Fabian'),(950,'PRO',391,2,4,-13.000,'2025-05-02',-5033.000,'Fabian'),(952,'PRO',392,2,1,12.000,'2025-05-02',793.000,'Fabian'),(953,'PRO',392,2,2,11.000,'2025-05-02',2196.000,'Fabian'),(954,'PRO',392,2,4,-11.000,'2025-05-02',-5046.000,'Fabian'),(956,'PRO',393,2,1,18.000,'2025-05-02',805.000,'Fabian'),(957,'PRO',393,2,2,11.000,'2025-05-02',2207.000,'Fabian'),(958,'PRO',393,2,4,-11.000,'2025-05-02',-5057.000,'Fabian'),(960,'PRO',394,2,1,12.000,'2025-05-02',823.000,'Fabian'),(961,'PRO',394,2,2,11.000,'2025-05-02',2218.000,'Fabian'),(962,'PRO',394,2,4,-11.000,'2025-05-02',-5068.000,'Fabian'),(964,'PRO',395,2,1,16.000,'2025-05-02',835.000,'Fabian'),(965,'PRO',395,2,2,13.000,'2025-05-02',2229.000,'Fabian'),(966,'PRO',395,2,4,-13.000,'2025-05-02',-5079.000,'Fabian'),(968,'PRO',396,2,1,22.000,'2025-05-05',851.000,'Fabian'),(969,'PRO',396,2,2,15.000,'2025-05-05',2242.000,'Fabian'),(970,'PRO',396,2,4,-15.000,'2025-05-05',-5092.000,'Fabian'),(972,'PRO',397,2,1,1.000,'2025-05-05',873.000,'Fabian'),(973,'PRO',397,2,2,16.000,'2025-05-05',2257.000,'Fabian'),(974,'PRO',397,2,4,-16.000,'2025-05-05',-5107.000,'Fabian'),(976,'PRO',398,2,1,2.000,'2025-05-05',874.000,'Fabian'),(977,'PRO',398,2,2,17.000,'2025-05-05',2273.000,'Fabian'),(978,'PRO',398,2,4,-17.000,'2025-05-05',-5123.000,'Fabian'),(980,'PRO',399,2,1,22.000,'2025-05-05',876.000,'Fabian'),(981,'PRO',399,2,2,19.000,'2025-05-05',2290.000,'Fabian'),(982,'PRO',399,2,4,-19.000,'2025-05-05',-5140.000,'Fabian'),(984,'PRO',400,2,1,2.000,'2025-05-05',898.000,'Fabian'),(985,'PRO',400,2,2,17.000,'2025-05-05',2309.000,'Fabian'),(986,'PRO',400,2,4,-17.000,'2025-05-05',-5176.000,'Fabian');
/*!40000 ALTER TABLE `mov_existencias` ENABLE KEYS */;
UNLOCK TABLES;

--
-- Table structure for table `parrillas`
--

DROP TABLE IF EXISTS `parrillas`;
/*!40101 SET @saved_cs_client     = @@character_set_client */;
/*!40101 SET character_set_client = utf8 */;
CREATE TABLE `parrillas` (
  `idparrilla` int(11) NOT NULL AUTO_INCREMENT,
  `nombre` varchar(20) DEFAULT NULL,
  `tren` float(9,3) DEFAULT '0.000',
  PRIMARY KEY (`idparrilla`)
) ENGINE=InnoDB AUTO_INCREMENT=4 DEFAULT CHARSET=latin1;
/*!40101 SET character_set_client = @saved_cs_client */;

--
-- Dumping data for table `parrillas`
--

LOCK TABLES `parrillas` WRITE;
/*!40000 ALTER TABLE `parrillas` DISABLE KEYS */;
INSERT INTO `parrillas` VALUES (1,'Parrilla 1',400.000),(2,'Parrilla 2',160.000),(3,'Parrilla 3',320.000);
/*!40000 ALTER TABLE `parrillas` ENABLE KEYS */;
UNLOCK TABLES;

--
-- Table structure for table `parrillaturno`
--

DROP TABLE IF EXISTS `parrillaturno`;
/*!40101 SET @saved_cs_client     = @@character_set_client */;
/*!40101 SET character_set_client = utf8 */;
CREATE TABLE `parrillaturno` (
  `id` int(11) DEFAULT NULL,
  `parrilla` int(11) DEFAULT NULL,
  `turno` int(11) DEFAULT '0',
  `status` int(11) DEFAULT '0'
) ENGINE=InnoDB DEFAULT CHARSET=latin1;
/*!40101 SET character_set_client = @saved_cs_client */;

--
-- Dumping data for table `parrillaturno`
--

LOCK TABLES `parrillaturno` WRITE;
/*!40000 ALTER TABLE `parrillaturno` DISABLE KEYS */;
INSERT INTO `parrillaturno` VALUES (1,1,1,0),(2,1,2,0),(3,2,1,0),(4,2,2,0),(5,3,1,0),(6,3,2,0);
/*!40000 ALTER TABLE `parrillaturno` ENABLE KEYS */;
UNLOCK TABLES;

--
-- Table structure for table `password_reset_tokens`
--

DROP TABLE IF EXISTS `password_reset_tokens`;
/*!40101 SET @saved_cs_client     = @@character_set_client */;
/*!40101 SET character_set_client = utf8 */;
CREATE TABLE `password_reset_tokens` (
  `email` varchar(255) COLLATE utf8mb4_unicode_ci NOT NULL,
  `token` varchar(255) COLLATE utf8mb4_unicode_ci NOT NULL,
  `created_at` timestamp NULL DEFAULT NULL,
  PRIMARY KEY (`email`)
) ENGINE=InnoDB DEFAULT CHARSET=utf8mb4 COLLATE=utf8mb4_unicode_ci;
/*!40101 SET character_set_client = @saved_cs_client */;

--
-- Dumping data for table `password_reset_tokens`
--

LOCK TABLES `password_reset_tokens` WRITE;
/*!40000 ALTER TABLE `password_reset_tokens` DISABLE KEYS */;
/*!40000 ALTER TABLE `password_reset_tokens` ENABLE KEYS */;
UNLOCK TABLES;

--
-- Table structure for table `password_resets`
--

DROP TABLE IF EXISTS `password_resets`;
/*!40101 SET @saved_cs_client     = @@character_set_client */;
/*!40101 SET character_set_client = utf8 */;
CREATE TABLE `password_resets` (
  `email` varchar(255) COLLATE utf8mb4_unicode_ci NOT NULL,
  `token` varchar(255) COLLATE utf8mb4_unicode_ci NOT NULL,
  `created_at` timestamp NULL DEFAULT NULL,
  KEY `password_resets_email_index` (`email`)
) ENGINE=InnoDB DEFAULT CHARSET=utf8mb4 COLLATE=utf8mb4_unicode_ci;
/*!40101 SET character_set_client = @saved_cs_client */;

--
-- Dumping data for table `password_resets`
--

LOCK TABLES `password_resets` WRITE;
/*!40000 ALTER TABLE `password_resets` DISABLE KEYS */;
/*!40000 ALTER TABLE `password_resets` ENABLE KEYS */;
UNLOCK TABLES;

--
-- Table structure for table `personal_access_tokens`
--

DROP TABLE IF EXISTS `personal_access_tokens`;
/*!40101 SET @saved_cs_client     = @@character_set_client */;
/*!40101 SET character_set_client = utf8 */;
CREATE TABLE `personal_access_tokens` (
  `id` bigint(20) unsigned NOT NULL AUTO_INCREMENT,
  `tokenable_type` varchar(255) COLLATE utf8mb4_unicode_ci NOT NULL,
  `tokenable_id` bigint(20) unsigned NOT NULL,
  `name` varchar(255) COLLATE utf8mb4_unicode_ci NOT NULL,
  `token` varchar(64) COLLATE utf8mb4_unicode_ci NOT NULL,
  `abilities` text COLLATE utf8mb4_unicode_ci,
  `last_used_at` timestamp NULL DEFAULT NULL,
  `created_at` timestamp NULL DEFAULT NULL,
  `updated_at` timestamp NULL DEFAULT NULL,
  PRIMARY KEY (`id`),
  UNIQUE KEY `personal_access_tokens_token_unique` (`token`),
  KEY `personal_access_tokens_tokenable_type_tokenable_id_index` (`tokenable_type`,`tokenable_id`)
) ENGINE=InnoDB DEFAULT CHARSET=utf8mb4 COLLATE=utf8mb4_unicode_ci;
/*!40101 SET character_set_client = @saved_cs_client */;

--
-- Dumping data for table `personal_access_tokens`
--

LOCK TABLES `personal_access_tokens` WRITE;
/*!40000 ALTER TABLE `personal_access_tokens` DISABLE KEYS */;
/*!40000 ALTER TABLE `personal_access_tokens` ENABLE KEYS */;
UNLOCK TABLES;

--
-- Table structure for table `produccion`
--

DROP TABLE IF EXISTS `produccion`;
/*!40101 SET @saved_cs_client     = @@character_set_client */;
/*!40101 SET character_set_client = utf8 */;
CREATE TABLE `produccion` (
  `idproceso` int(11) NOT NULL AUTO_INCREMENT,
  `idsupervisor` int(11) DEFAULT NULL,
  `idparrilla` int(11) DEFAULT NULL,
  `idcocedor` int(11) DEFAULT NULL,
  `idturno` int(11) DEFAULT NULL,
  `fecha` date DEFAULT NULL,
  `fechacierre` date DEFAULT NULL,
  `kgsubido` float(9,3) DEFAULT NULL,
  `kgcocina` float(9,3) DEFAULT NULL,
  `kgbajado` float(9,3) DEFAULT '0.000',
  `kgjalea` float(9,3) DEFAULT '0.000',
  `rendimiento` float(9,3) DEFAULT '0.000',
  `kgtren` float(9,3) DEFAULT '0.000',
  `observacion` varchar(50) DEFAULT NULL,
  `estatus` int(11) DEFAULT '0',
  `usuario` varchar(20) DEFAULT NULL,
  PRIMARY KEY (`idproceso`)
) ENGINE=InnoDB AUTO_INCREMENT=401 DEFAULT CHARSET=latin1;
/*!40101 SET character_set_client = @saved_cs_client */;

--
-- Dumping data for table `produccion`
--

LOCK TABLES `produccion` WRITE;
/*!40000 ALTER TABLE `produccion` DISABLE KEYS */;
INSERT INTO `produccion` VALUES (1,2,1,2,1,'2024-07-17','2024-07-17',960.000,960.000,800.000,360.000,45.000,160.000,' / ',1,'JOSSER'),(2,2,2,4,1,'2024-07-17','2024-07-17',960.000,960.000,800.000,359.000,44.875,160.000,' / ',1,'JOSSER'),(3,2,3,5,1,'2024-07-17','2024-07-17',960.000,960.000,800.000,360.000,45.000,160.000,' / ',1,'JOSSER'),(4,2,1,1,2,'2024-07-17','2024-07-17',960.000,1120.000,960.000,476.000,49.583,160.000,' / ',1,'JOSSER'),(5,2,2,3,2,'2024-07-17','2024-07-17',960.000,1120.000,960.000,465.000,48.438,160.000,' / ',1,'JOSSER'),(6,2,3,6,2,'2024-07-17','2024-07-17',960.000,1120.000,960.000,480.000,50.000,160.000,' / ',1,'JOSSER'),(7,2,1,2,1,'2024-07-17','2024-07-17',960.000,1120.000,960.000,480.000,50.000,160.000,' / ',1,'JOSSER'),(8,2,2,4,1,'2024-07-17','2024-07-17',960.000,1120.000,960.000,473.000,49.271,160.000,' / ',1,'JOSSER'),(9,2,3,5,1,'2024-07-17','2024-07-17',880.000,1040.000,880.000,428.000,48.636,160.000,' / ',1,'JOSSER'),(10,2,1,1,2,'2024-07-17','2024-07-17',1040.000,1200.000,1040.000,531.000,51.058,160.000,' / ',1,'JOSSER'),(11,2,2,3,2,'2024-07-17','2024-07-17',960.000,1120.000,960.000,477.000,49.688,160.000,' / ',1,'JOSSER'),(12,2,3,6,2,'2024-07-17','2024-07-17',960.000,1120.000,960.000,484.000,50.417,160.000,' / ',1,'JOSSER'),(13,2,1,2,1,'2024-07-17','2024-07-17',880.000,1040.000,880.000,449.000,51.023,160.000,' / ',1,'JOSSER'),(14,2,2,4,1,'2024-07-17','2024-07-17',880.000,1040.000,800.000,393.000,49.125,240.000,' / ',1,'JOSSER'),(15,2,3,5,1,'2024-07-17','2024-07-17',880.000,1040.000,880.000,428.000,48.636,160.000,' / ',1,'JOSSER'),(16,2,1,1,2,'2024-07-17','2024-07-17',1120.000,1280.000,1120.000,569.000,50.804,160.000,' / ',1,'JOSSER'),(17,2,2,3,2,'2024-07-17','2024-07-17',1040.000,1280.000,1120.000,549.000,49.018,160.000,' / ',1,'JOSSER'),(18,2,3,6,2,'2024-07-17','2024-07-17',1040.000,1200.000,1040.000,524.000,50.385,160.000,' / ',1,'JOSSER'),(19,2,1,2,1,'2024-07-18','2024-07-18',960.000,1120.000,960.000,477.000,49.688,160.000,' / ',1,'JOSSER'),(20,2,2,4,1,'2024-07-18','2024-07-18',960.000,1120.000,960.000,463.000,48.229,160.000,' / ',1,'JOSSER'),(21,2,3,5,1,'2024-07-18','2024-07-18',960.000,1120.000,960.000,478.000,49.792,160.000,' / ',1,'JOSSER'),(22,2,1,1,2,'2024-07-19','2024-07-19',1040.000,1200.000,1040.000,515.000,49.519,160.000,' / ',1,'JOSSER'),(23,2,2,3,2,'2024-07-19','2024-07-19',960.000,1120.000,960.000,452.000,47.083,160.000,' / ',1,'JOSSER'),(24,2,3,6,2,'2024-07-19','2024-07-19',960.000,1120.000,960.000,480.000,50.000,160.000,' / ',1,'JOSSER'),(25,2,1,2,1,'2024-07-19','2024-07-19',960.000,1120.000,960.000,480.000,50.000,160.000,' / ',1,'JOSSER'),(26,2,2,4,1,'2024-07-19','2024-07-19',960.000,1120.000,960.000,476.000,49.583,160.000,' / ',1,'JOSSER'),(27,2,3,5,1,'2024-07-19','2024-07-19',960.000,1120.000,960.000,485.000,50.521,160.000,' / ',1,'JOSSER'),(28,2,1,1,2,'2024-07-19','2024-07-19',960.000,1120.000,880.000,432.000,49.091,240.000,' / ',1,'JOSSER'),(29,2,2,3,2,'2024-07-19','2024-07-19',880.000,1040.000,800.000,385.000,48.125,240.000,' / ',1,'JOSSER'),(30,2,3,6,2,'2024-07-19','2024-07-19',880.000,1040.000,800.000,398.000,49.750,240.000,' / ',1,'JOSSER'),(31,2,1,1,1,'2024-07-23','2024-07-23',880.000,1120.000,880.000,436.000,49.545,240.000,' / ',1,'JOSSER'),(32,2,3,6,1,'2024-07-23','2024-07-23',880.000,1120.000,960.000,472.000,49.167,160.000,' / ',1,'JOSSER'),(33,2,1,2,2,'2024-07-23','2024-07-23',880.000,1120.000,880.000,444.000,50.455,240.000,' / ',1,'JOSSER'),(34,2,3,5,2,'2024-07-23','2024-07-23',960.000,1120.000,960.000,464.000,48.333,160.000,' / ',1,'JOSSER'),(35,2,1,1,1,'2024-07-23','2024-07-23',960.000,1200.000,1040.000,520.000,50.000,160.000,' / ',1,'JOSSER'),(36,2,2,3,1,'2024-07-23','2024-07-23',1120.000,1360.000,1200.000,570.000,47.500,160.000,' / ',1,'JOSSER'),(37,2,3,6,1,'2024-07-23','2024-07-23',960.000,1120.000,960.000,472.000,49.167,160.000,' / ',1,'JOSSER'),(38,2,1,2,2,'2024-07-25','2024-07-25',960.000,1120.000,960.000,474.000,49.375,160.000,' / ',1,'JOSSER'),(39,2,2,4,2,'2024-07-25','2024-07-25',960.000,1120.000,960.000,474.000,49.375,160.000,' / ',1,'JOSSER'),(40,2,3,5,2,'2024-07-25','2024-07-25',960.000,1120.000,960.000,495.000,51.562,160.000,' / ',1,'JOSSER'),(41,2,1,1,1,'2024-07-25','2024-07-25',960.000,1120.000,960.000,498.000,51.875,160.000,' / ',1,'JOSSER'),(42,2,2,3,1,'2024-07-25','2024-07-25',880.000,1040.000,800.000,413.000,51.625,240.000,' / ',1,'JOSSER'),(43,2,3,6,2,'2024-07-25','2024-07-25',960.000,1120.000,960.000,490.000,51.042,160.000,' / ',1,'JOSSER'),(44,2,1,2,2,'2024-07-25','2024-07-25',960.000,1120.000,960.000,490.000,51.042,160.000,' / ',1,'JOSSER'),(45,2,2,4,2,'2024-07-25','2024-07-25',960.000,1200.000,960.000,485.000,50.521,240.000,' / ',1,'JOSSER'),(46,2,3,5,2,'2024-07-25','2024-07-25',960.000,1120.000,960.000,490.000,51.042,160.000,' / ',1,'JOSSER'),(47,2,1,1,1,'2024-07-25','2024-07-25',960.000,1120.000,960.000,490.000,51.042,160.000,' / ',1,'JOSSER'),(48,2,2,3,1,'2024-07-25','2024-07-25',960.000,1200.000,960.000,490.000,51.042,240.000,' / ',1,'JOSSER'),(49,2,3,6,1,'2024-07-25','2024-07-25',960.000,1120.000,960.000,492.000,51.250,160.000,' / ',1,'JOSSER'),(50,2,1,2,2,'2024-07-25','2024-07-25',800.000,960.000,960.000,498.000,51.875,0.000,' / ',1,'JOSSER'),(51,2,2,4,2,'2024-07-25','2024-07-25',800.000,1040.000,960.000,488.000,50.833,80.000,' / ',1,'JOSSER'),(52,2,3,5,2,'2024-07-25','2024-07-25',800.000,960.000,960.000,493.000,51.354,0.000,' / ',1,'JOSSER'),(53,1,2,3,1,'2024-07-25','2024-07-25',0.000,80.000,80.000,48.000,60.000,0.000,' / ',1,'FRANK'),(54,2,1,2,1,'2024-08-13','2024-08-13',960.000,960.000,720.000,319.000,44.306,240.000,' / ',1,'JOSSER'),(55,2,2,3,1,'2024-08-13','2024-08-13',480.000,480.000,240.000,99.000,41.250,240.000,' / ',1,'JOSSER'),(56,2,3,6,1,'2024-08-13','2024-08-13',800.000,800.000,640.000,298.000,46.562,160.000,' / ',1,'JOSSER'),(57,2,2,4,2,'2024-08-14','2024-08-14',800.000,1040.000,880.000,411.000,46.705,160.000,' / ',1,'JOSSER'),(58,2,3,5,2,'2024-08-14','2024-08-14',880.000,1040.000,960.000,445.000,46.354,80.000,' / ',1,'JOSSER'),(59,2,2,3,1,'2024-08-14','2024-08-14',800.000,960.000,800.000,388.000,48.500,160.000,' / ',1,'JOSSER'),(60,2,3,6,1,'2024-08-14','2024-08-14',960.000,1040.000,880.000,422.000,47.955,160.000,' / ',1,'JOSSER'),(61,2,1,2,1,'2024-08-15','2024-08-15',960.000,1200.000,960.000,435.000,45.312,240.000,' / ',1,'JOSSER'),(62,2,2,4,2,'2024-08-15','2024-08-15',880.000,1040.000,880.000,401.000,45.568,160.000,' / ',1,'JOSSER'),(63,2,3,5,2,'2024-08-15','2024-08-15',880.000,1040.000,960.000,432.000,45.000,80.000,' / ',1,'JOSSER'),(64,2,2,3,1,'2024-08-21','2024-08-21',960.000,1120.000,960.000,450.000,46.875,160.000,' / ',1,'JOSSER'),(65,2,3,6,1,'2024-08-21','2024-08-21',880.000,960.000,880.000,408.000,46.364,80.000,' / ',1,'JOSSER'),(66,2,1,2,1,'2024-08-21','2024-08-21',960.000,1200.000,960.000,448.000,46.667,240.000,' / ',1,'JOSSER'),(67,2,2,4,2,'2024-08-21','2024-08-21',880.000,1040.000,880.000,407.000,46.250,160.000,' / ',1,'JOSSER'),(68,2,3,5,2,'2024-08-21','2024-08-21',880.000,960.000,880.000,413.000,46.932,80.000,' / ',1,'JOSSER'),(69,2,2,3,1,'2024-08-21','2024-08-21',880.000,1040.000,960.000,448.000,46.667,80.000,' / ',1,'JOSSER'),(70,2,3,6,1,'2024-08-21','2024-08-21',880.000,960.000,800.000,379.000,47.375,160.000,' / ',1,'JOSSER'),(71,2,1,2,1,'2024-08-21','2024-08-21',960.000,1200.000,960.000,464.000,48.333,240.000,' / ',1,'JOSSER'),(72,2,2,4,2,'2024-08-21','2024-08-21',960.000,1040.000,800.000,384.000,48.000,240.000,' / ',1,'JOSSER'),(73,2,3,5,2,'2024-08-21','2024-08-21',960.000,1120.000,960.000,456.000,47.500,160.000,' / ',1,'JOSSER'),(74,2,1,2,1,'2024-08-22','2024-08-22',960.000,1200.000,960.000,456.000,47.500,240.000,' / ',1,'JOSSER'),(75,2,2,3,1,'2024-08-22','2024-08-22',960.000,1200.000,960.000,439.000,45.729,240.000,' / ',1,'JOSSER'),(76,2,3,5,1,'2024-08-22','2024-08-22',960.000,1120.000,960.000,452.000,47.083,160.000,' / ',1,'JOSSER'),(77,2,1,2,1,'2024-08-23','2024-08-23',960.000,1200.000,960.000,456.000,47.500,240.000,' / ',1,'JOSSER'),(78,2,2,4,2,'2024-08-23','2024-08-23',960.000,1200.000,960.000,445.000,46.354,240.000,' / ',1,'JOSSER'),(79,2,3,6,2,'2024-08-23','2024-08-23',960.000,1120.000,880.000,424.000,48.182,240.000,' / ',1,'JOSSER'),(80,2,1,2,1,'2024-08-26','2024-08-26',960.000,1200.000,960.000,461.000,48.021,240.000,' / ',1,'JOSSER'),(81,2,2,4,1,'2024-08-26','2024-08-26',880.000,1120.000,960.000,455.000,47.396,160.000,' / ',1,'JOSSER'),(82,2,3,5,1,'2024-08-26','2024-08-26',960.000,1200.000,1040.000,499.000,47.981,160.000,' / ',1,'JOSSER'),(83,2,2,3,2,'2024-08-26','2024-08-26',960.000,1200.000,960.000,466.000,48.542,240.000,' / ',1,'JOSSER'),(84,2,3,6,2,'2024-08-26','2024-08-26',960.000,1200.000,960.000,461.000,48.021,240.000,' / ',1,'JOSSER'),(85,2,1,2,1,'2024-08-27','2024-08-27',1040.000,1280.000,1040.000,500.000,48.077,240.000,' / ',1,'JOSSER'),(86,2,2,4,1,'2024-08-27','2024-08-27',880.000,1120.000,880.000,428.000,48.636,240.000,' / ',1,'JOSSER'),(87,2,3,5,1,'2024-08-27','2024-08-27',960.000,1200.000,960.000,461.000,48.021,240.000,' / ',1,'JOSSER'),(88,2,2,3,2,'2024-08-27','2024-08-27',960.000,1200.000,960.000,480.000,50.000,240.000,' / ',1,'JOSSER'),(89,2,3,6,2,'2024-08-27','2024-08-27',960.000,1200.000,960.000,471.000,49.062,240.000,' / ',1,'JOSSER'),(90,2,1,2,1,'2024-08-28','2024-08-28',1040.000,1280.000,1040.000,514.000,49.423,240.000,' / ',1,'JOSSER'),(91,2,2,4,1,'2024-08-28','2024-08-28',960.000,1200.000,960.000,476.000,49.583,240.000,' / ',1,'JOSSER'),(92,2,3,5,1,'2024-08-28','2024-08-28',1040.000,1280.000,1040.000,504.000,48.462,240.000,' / ',1,'JOSSER'),(93,2,2,3,2,'2024-08-28','2024-08-28',800.000,1040.000,800.000,373.000,46.625,240.000,' / ',1,'JOSSER'),(94,2,3,6,2,'2024-08-28','2024-08-28',800.000,1040.000,800.000,378.000,47.250,240.000,' / ',1,'JOSSER'),(95,2,1,2,1,'2024-08-29','2024-08-29',1040.000,1280.000,1040.000,501.000,48.173,240.000,' / ',1,'JOSSER'),(96,2,2,4,1,'2024-08-29','2024-08-29',880.000,1120.000,880.000,411.000,46.705,240.000,' / ',1,'JOSSER'),(97,2,3,5,1,'2024-08-29','2024-08-29',960.000,1200.000,960.000,464.000,48.333,240.000,' / ',1,'JOSSER'),(98,2,2,3,2,'2024-08-29','2024-08-29',960.000,1200.000,960.000,466.000,48.542,240.000,' / ',1,'JOSSER'),(99,2,3,6,2,'2024-08-29','2024-08-29',960.000,1200.000,960.000,468.000,48.750,240.000,' / ',1,'JOSSER'),(100,2,1,2,1,'2024-08-30','2024-08-30',1040.000,1280.000,1040.000,503.000,48.365,240.000,' / ',1,'JOSSER'),(101,2,2,4,1,'2024-08-30','2024-08-30',960.000,1200.000,960.000,463.000,48.229,240.000,' / ',1,'JOSSER'),(102,2,3,5,1,'2024-08-30','2024-08-30',960.000,1200.000,960.000,467.000,48.646,240.000,' / ',1,'JOSSER'),(103,2,2,3,1,'2024-09-03','2024-09-03',1040.000,1280.000,1040.000,480.000,46.154,240.000,' / ',1,'JOSSER'),(104,2,3,6,1,'2024-09-03','2024-09-03',1040.000,1280.000,1040.000,480.000,46.154,240.000,' / ',1,'JOSSER'),(105,2,1,2,1,'2024-09-03','2024-09-03',1040.000,1280.000,1040.000,493.000,47.404,240.000,' / ',1,'JOSSER'),(106,2,2,4,2,'2024-09-03','2024-09-03',880.000,1120.000,880.000,427.000,48.523,240.000,' / ',1,'JOSSER'),(107,2,3,5,2,'2024-09-03','2024-09-03',880.000,1120.000,880.000,423.000,48.068,240.000,' / ',1,'JOSSER'),(108,2,3,6,1,'2024-09-04','2024-09-04',1040.000,1280.000,1040.000,504.000,48.462,240.000,' / ',1,'JOSSER'),(109,2,2,3,1,'2024-09-04','2024-09-04',1040.000,1280.000,1040.000,497.000,47.788,240.000,' / ',1,'JOSSER'),(110,2,1,2,1,'2024-09-04','2024-09-04',1040.000,1280.000,1040.000,504.000,48.462,240.000,' / ',1,'JOSSER'),(111,2,2,4,2,'2024-09-04','2024-09-04',960.000,1200.000,960.000,466.000,48.542,240.000,' / ',1,'JOSSER'),(112,2,3,5,2,'2024-09-04','2024-09-04',960.000,1200.000,960.000,476.000,49.583,240.000,' / ',1,'JOSSER'),(113,2,2,3,1,'2024-09-05','2024-09-05',960.000,1200.000,960.000,468.000,48.750,240.000,' / ',1,'JOSSER'),(114,2,3,6,1,'2024-09-05','2024-09-05',960.000,1200.000,960.000,480.000,50.000,240.000,' / ',1,'JOSSER'),(115,2,1,2,1,'2024-09-05','2024-09-05',1040.000,1280.000,1040.000,504.000,48.462,240.000,' / ',1,'JOSSER'),(116,2,2,4,2,'2024-09-05','2024-09-05',960.000,1200.000,960.000,471.000,49.062,240.000,' / ',1,'JOSSER'),(117,2,3,5,2,'2024-09-05','2024-09-05',960.000,1200.000,960.000,480.000,50.000,240.000,' / ',1,'JOSSER'),(118,2,2,3,1,'2024-09-06','2024-09-06',960.000,1200.000,960.000,453.000,47.188,240.000,' / ',1,'JOSSER'),(119,2,3,6,1,'2024-09-06','2024-09-06',960.000,1200.000,960.000,458.000,47.708,240.000,' / ',1,'JOSSER'),(120,2,1,2,1,'2024-09-06','2024-09-06',1040.000,1280.000,1040.000,493.000,47.404,240.000,' / ',1,'JOSSER'),(121,2,2,4,2,'2024-09-06','2024-09-06',960.000,1200.000,880.000,404.000,45.909,320.000,' / ',1,'JOSSER'),(122,2,3,5,2,'2024-09-06','2024-09-06',960.000,1200.000,880.000,406.000,46.136,320.000,' / ',1,'JOSSER'),(123,2,1,2,1,'2024-09-09','2024-09-09',880.000,1120.000,880.000,419.000,47.614,240.000,' / ',1,'JOSSER'),(124,2,2,4,1,'2024-09-09','2024-09-09',880.000,1200.000,960.000,418.000,43.542,240.000,' / ',1,'JOSSER'),(125,2,3,5,1,'2024-09-09','2024-09-09',880.000,1200.000,960.000,445.000,26.354,240.000,' / ',1,'JOSSER'),(126,2,2,3,2,'2024-09-10','2024-09-10',960.000,1200.000,960.000,447.000,46.562,240.000,' / ',1,'JOSSER'),(127,2,3,6,2,'2024-09-10','2024-09-10',960.000,1200.000,960.000,456.000,47.500,240.000,' / ',1,'JOSSER'),(128,2,1,2,1,'2024-09-10','2024-09-10',960.000,1200.000,960.000,456.000,47.500,240.000,' / ',1,'JOSSER'),(129,2,2,4,1,'2024-09-10','2024-09-10',960.000,1200.000,960.000,449.000,46.771,240.000,' / ',1,'JOSSER'),(130,2,3,5,1,'2024-09-10','2024-09-10',960.000,1200.000,960.000,456.000,47.500,240.000,' / ',1,'JOSSER'),(131,2,2,3,2,'2024-09-10','2024-09-10',960.000,1200.000,960.000,464.000,48.333,240.000,' / ',1,'JOSSER'),(132,2,3,6,2,'2024-09-10','2024-09-10',960.000,1200.000,960.000,456.000,47.500,240.000,' / ',1,'JOSSER'),(133,2,1,2,1,'2024-09-11','2024-09-11',1040.000,1280.000,1040.000,500.000,48.077,240.000,' / ',1,'JOSSER'),(134,2,2,4,1,'2024-09-11','2024-09-11',960.000,1200.000,960.000,451.000,46.979,240.000,' / ',1,'JOSSER'),(135,2,3,5,1,'2024-09-11','2024-09-11',960.000,1200.000,960.000,468.000,48.750,240.000,' / ',1,'JOSSER'),(136,2,2,3,2,'2024-09-11','2024-09-11',960.000,1200.000,960.000,454.000,47.292,240.000,' / ',1,'JOSSER'),(137,2,3,6,2,'2024-09-11','2024-09-11',960.000,1200.000,960.000,456.000,47.500,240.000,' / ',1,'JOSSER'),(138,2,1,2,1,'2024-09-12','2024-09-12',1040.000,1280.000,1040.000,498.000,47.885,240.000,' / ',1,'JOSSER'),(139,2,2,4,1,'2024-09-12','2024-09-12',960.000,1200.000,960.000,455.000,47.396,240.000,' / ',1,'JOSSER'),(140,2,3,5,1,'2024-09-12','2024-09-12',1040.000,1280.000,1040.000,495.000,47.596,240.000,' / ',1,'JOSSER'),(141,2,2,3,2,'2024-09-12','2024-09-13',960.000,1200.000,960.000,444.000,46.250,240.000,' / ',1,'JOSSER'),(142,2,3,6,2,'2024-09-12','2024-09-12',960.000,1200.000,960.000,456.000,47.500,240.000,' / ',1,'JOSSER'),(143,2,1,2,1,'2024-09-13','2024-09-13',960.000,1200.000,1040.000,495.000,47.596,160.000,' / ',1,'JOSSER'),(144,2,2,4,1,'2024-09-13','2024-09-13',960.000,1200.000,880.000,419.000,47.614,320.000,' / ',1,'JOSSER'),(145,2,3,5,1,'2024-09-13','2024-09-13',960.000,1200.000,960.000,456.000,47.500,240.000,' / ',1,'JOSSER'),(146,2,2,3,2,'2024-09-13','2024-09-13',960.000,1200.000,880.000,424.000,48.182,320.000,' / ',1,'JOSSER'),(147,2,3,6,2,'2024-09-13','2024-09-13',960.000,1200.000,880.000,425.000,48.295,320.000,' / ',1,'JOSSER'),(148,2,1,2,1,'2024-09-16','2024-09-16',880.000,1040.000,880.000,414.000,47.045,160.000,' / ',1,'JOSSER'),(149,2,2,3,1,'2024-09-16','2024-09-16',880.000,1200.000,880.000,408.000,46.364,320.000,' / ',1,'JOSSER'),(150,2,3,6,1,'2024-09-16','2024-09-16',880.000,1200.000,960.000,452.000,47.083,240.000,' / ',1,'JOSSER'),(151,2,2,4,2,'2024-09-16','2024-09-16',880.000,1200.000,960.000,456.000,47.500,240.000,' / ',1,'JOSSER'),(152,2,3,5,2,'2024-09-16','2024-09-16',880.000,1120.000,880.000,422.000,47.955,240.000,' / ',1,'JOSSER'),(153,2,1,2,1,'2024-09-28','2024-09-28',800.000,960.000,960.000,506.000,52.708,0.000,' / ',1,'JOSSER'),(154,2,2,3,1,'2024-09-28','2024-09-28',880.000,1120.000,960.000,456.000,47.500,160.000,' / ',1,'JOSSER'),(155,2,3,6,1,'2024-09-28','2024-09-28',960.000,1200.000,960.000,457.000,47.604,240.000,' / ',1,'JOSSER'),(156,2,2,4,2,'2024-09-28','2024-09-28',960.000,1120.000,1040.000,508.000,48.846,80.000,' / ',1,'JOSSER'),(157,2,3,5,2,'2024-09-28','2024-09-28',960.000,1200.000,1120.000,556.000,49.643,80.000,' / ',1,'JOSSER'),(158,1,1,6,1,'2025-01-22','2025-01-22',480.000,480.000,240.000,90.000,37.500,240.000,' / ',1,'FRANK'),(159,1,2,3,1,'2025-01-22','2025-01-22',0.000,80.000,80.000,24.000,30.000,0.000,' / ',1,'FRANK'),(160,1,2,3,1,'2025-01-22','2025-01-22',320.000,320.000,80.000,29.000,36.250,240.000,' / ',1,'FRANK'),(161,1,3,1,1,'2025-01-22','2025-01-22',0.000,80.000,80.000,24.000,30.000,0.000,' / ',1,'FRANK'),(162,1,3,1,1,'2025-01-22','2025-01-22',480.000,480.000,240.000,89.000,37.083,240.000,' / ',1,'FRANK'),(163,1,1,2,2,'2025-01-22','2025-01-22',880.000,1120.000,960.000,430.000,44.792,160.000,' / ',1,'FRANK'),(164,1,2,4,2,'2025-01-22','2025-01-22',880.000,1120.000,960.000,424.000,44.167,160.000,' / ',1,'FRANK'),(165,1,1,6,1,'2025-01-22','2025-01-22',960.000,1120.000,960.000,431.000,44.896,160.000,' / ',1,'FRANK'),(166,1,2,3,2,'2025-01-22','2025-01-22',960.000,1120.000,960.000,431.000,44.896,160.000,' / ',1,'FRANK'),(167,1,3,1,1,'2025-01-22','2025-01-22',880.000,1120.000,880.000,399.000,45.341,240.000,' / ',1,'FRANK'),(168,1,1,2,2,'2025-01-22','2025-01-22',960.000,1120.000,960.000,411.000,42.812,160.000,' / ',1,'FRANK'),(169,1,2,4,2,'2025-01-22','2025-01-22',880.000,1040.000,880.000,397.000,45.114,160.000,' / ',1,'FRANK'),(170,1,1,6,1,'2025-01-22','2025-01-22',1040.000,1200.000,1040.000,477.000,45.865,160.000,' / ',1,'FRANK'),(171,1,2,3,1,'2025-01-22','2025-01-22',960.000,1120.000,1040.000,480.000,46.154,80.000,' / ',1,'FRANK'),(172,1,3,1,1,'2025-01-22','2025-01-22',880.000,1120.000,880.000,399.000,45.341,240.000,' / ',1,'FRANK'),(173,1,1,2,2,'2025-01-22','2025-01-22',960.000,1120.000,960.000,442.000,46.042,160.000,' / ',1,'FRANK'),(174,1,2,4,2,'2025-01-22','2025-01-22',960.000,1040.000,11.000,405.000,3681.818,1029.000,' / ',1,'FRANK'),(175,1,1,6,1,'2025-01-22','2025-01-22',800.000,960.000,800.000,373.000,46.625,160.000,' / ',1,'FRANK'),(176,1,2,4,1,'2025-01-22','2025-01-22',0.000,1029.000,869.000,NULL,0.000,160.000,' / ',1,'FRANK'),(177,1,2,3,1,'2025-01-22','2025-01-22',800.000,960.000,800.000,373.000,46.625,160.000,' / ',1,'FRANK'),(178,1,3,1,1,'2025-01-22','2025-01-22',800.000,1040.000,880.000,415.000,47.159,160.000,' / ',1,'FRANK'),(179,1,1,2,2,'2025-01-22','2025-01-22',960.000,1120.000,960.000,444.000,46.250,160.000,' / ',1,'FRANK'),(180,1,2,4,2,'2025-01-22','2025-01-22',960.000,1120.000,960.000,432.000,45.000,160.000,' / ',1,'FRANK'),(181,1,1,6,1,'2025-01-22','2025-01-22',800.000,960.000,720.000,348.000,48.333,240.000,' / ',1,'FRANK'),(182,1,2,3,1,'2025-01-22','2025-01-22',800.000,960.000,720.000,347.000,48.194,240.000,' / ',1,'FRANK'),(183,1,3,1,1,'2025-01-22','2025-01-22',800.000,960.000,800.000,386.000,48.250,160.000,' / ',1,'FRANK'),(184,1,1,6,1,'2025-01-24','2025-01-24',400.000,640.000,400.000,175.000,43.750,240.000,' / ',1,'FRANK'),(185,1,2,3,1,'2025-01-24','2025-01-24',400.000,640.000,400.000,174.000,43.500,240.000,' / ',1,'FRANK'),(186,1,1,2,2,'2025-01-24','2025-01-24',640.000,880.000,720.000,339.000,47.083,160.000,' / ',1,'FRANK'),(187,1,2,4,2,'2025-01-24','2025-01-24',640.000,880.000,720.000,336.000,46.667,160.000,' / ',1,'FRANK'),(188,1,3,1,1,'2025-01-24','2025-01-24',800.000,960.000,800.000,368.000,46.000,160.000,' / ',1,'FRANK'),(189,1,1,6,1,'2025-01-24','2025-01-24',880.000,1040.000,880.000,409.000,46.477,160.000,' / ',1,'FRANK'),(190,1,2,3,1,'2025-01-24','2025-01-24',880.000,1040.000,880.000,408.000,46.364,160.000,' / ',1,'FRANK'),(191,1,1,2,2,'2025-01-24','2025-01-24',800.000,960.000,800.000,373.000,46.625,160.000,' / ',1,'FRANK'),(192,1,2,4,2,'2025-01-24','2025-01-24',800.000,960.000,800.000,360.000,45.000,160.000,' / ',1,'FRANK'),(193,1,3,1,1,'2025-01-24','2025-01-24',800.000,960.000,800.000,371.000,46.375,160.000,' / ',1,'FRANK'),(194,1,1,6,1,'2025-01-24','2025-01-24',1040.000,1200.000,1040.000,471.000,45.288,160.000,' / ',1,'FRANK'),(195,1,2,3,1,'2025-01-24','2025-01-24',1040.000,1200.000,1040.000,471.000,45.288,160.000,' / ',1,'FRANK'),(196,1,1,2,2,'2025-01-24','2025-01-24',960.000,1120.000,960.000,443.000,46.146,160.000,' / ',1,'FRANK'),(197,1,2,4,2,'2025-01-24','2025-01-24',800.000,960.000,960.000,441.000,45.938,0.000,' / ',1,'FRANK'),(198,1,2,4,2,'2025-01-24','2025-01-24',160.000,160.000,1.000,NULL,0.000,159.000,' / ',1,'FRANK'),(199,1,3,1,1,'2025-01-24','2025-01-24',800.000,960.000,800.000,360.000,45.000,160.000,' / ',1,'FRANK'),(200,1,1,6,1,'2025-01-24','2025-01-24',800.000,960.000,800.000,360.000,45.000,160.000,' / ',1,'FRANK'),(201,1,2,3,1,'2025-01-24','2025-01-24',961.000,1120.000,960.000,440.000,45.833,160.000,' / ',1,'FRANK'),(202,1,1,2,1,'2025-01-24','2025-01-24',960.000,1120.000,960.000,451.000,46.979,160.000,' / ',1,'FRANK'),(203,1,2,4,2,'2025-01-24','2025-01-24',960.000,1120.000,960.000,452.000,47.083,160.000,' / ',1,'FRANK'),(204,1,3,1,1,'2025-01-24','2025-01-24',800.000,960.000,800.000,379.000,47.375,160.000,' / ',1,'FRANK'),(205,1,1,6,1,'2025-01-24','2025-01-24',960.000,1120.000,960.000,456.000,47.500,160.000,' / ',1,'FRANK'),(206,1,2,3,1,'2025-01-24','2025-01-24',960.000,1120.000,960.000,455.000,47.396,160.000,' / ',1,'FRANK'),(207,1,1,2,1,'2025-01-24','2025-01-24',640.000,800.000,560.000,255.000,45.536,240.000,' / ',1,'FRANK'),(208,1,2,4,2,'2025-01-24','2025-01-24',640.000,800.000,560.000,256.000,45.714,240.000,' / ',1,'FRANK'),(209,1,3,1,1,'2025-01-24','2025-01-24',480.000,640.000,480.000,220.000,45.833,160.000,' / ',1,'FRANK'),(210,1,1,2,1,'2025-01-24','2025-01-24',880.000,1120.000,960.000,444.000,46.250,160.000,' / ',1,'FRANK'),(211,1,2,4,1,'2025-01-24','2025-01-24',880.000,1120.000,960.000,438.000,45.625,160.000,' / ',1,'FRANK'),(212,1,3,6,1,'2025-01-24','2025-01-24',960.000,1120.000,960.000,447.000,46.562,160.000,' / ',1,'FRANK'),(213,1,2,3,2,'2025-01-24','2025-01-24',960.000,1120.000,1040.000,474.000,45.577,80.000,' / ',1,'FRANK'),(214,1,3,1,1,'2025-01-24','2025-01-24',960.000,1120.000,880.000,408.000,46.364,240.000,' / ',1,'FRANK'),(215,1,1,2,1,'2025-01-24','2025-01-24',960.000,1120.000,960.000,446.000,46.458,160.000,' / ',1,'FRANK'),(216,1,2,4,1,'2025-01-24','2025-01-24',960.000,1040.000,880.000,397.000,45.114,160.000,' / ',1,'FRANK'),(217,1,1,6,2,'2025-01-24','2025-01-24',960.000,1120.000,960.000,432.000,45.000,160.000,' / ',1,'FRANK'),(218,1,2,3,2,'2025-01-24','2025-01-24',960.000,1120.000,960.000,432.000,45.000,160.000,' / ',1,'FRANK'),(219,1,3,1,2,'2025-01-24','2025-01-24',960.000,1200.000,1040.000,468.000,45.000,160.000,' / ',1,'FRANK'),(220,1,1,2,1,'2025-01-24','2025-01-24',960.000,1120.000,960.000,456.000,47.500,160.000,' / ',1,'FRANK'),(221,1,2,4,2,'2025-01-24','2025-01-24',960.000,1120.000,960.000,445.000,46.354,160.000,' / ',1,'FRANK'),(222,1,1,6,2,'2025-01-24','2025-01-24',960.000,1120.000,960.000,452.000,47.083,160.000,' / ',1,'FRANK'),(223,1,2,3,2,'2025-01-24','2025-01-24',960.000,1120.000,960.000,453.000,47.188,160.000,' / ',1,'FRANK'),(224,1,3,1,2,'2025-01-24','2025-01-24',960.000,1120.000,960.000,453.000,47.188,160.000,' / ',1,'FRANK'),(225,1,1,2,2,'2025-01-24','2025-01-24',960.000,1120.000,960.000,456.000,47.500,160.000,' / ',1,'FRANK'),(226,1,2,4,1,'2025-01-24','2025-01-24',960.000,1120.000,960.000,456.000,47.500,160.000,' / ',1,'FRANK'),(227,1,1,6,2,'2025-01-24','2025-01-24',880.000,1040.000,800.000,384.000,48.000,240.000,' / ',1,'FRANK'),(228,1,2,3,2,'2025-01-24','2025-01-24',880.000,1040.000,800.000,384.000,48.000,240.000,' / ',1,'FRANK'),(229,1,3,1,1,'2025-01-24','2025-01-24',960.000,1120.000,960.000,461.000,48.021,160.000,' / ',1,'FRANK'),(230,1,1,2,1,'2025-01-24','2025-01-24',880.000,1120.000,960.000,444.000,46.250,160.000,' / ',1,'FRANK'),(231,1,2,4,1,'2025-01-24','2025-01-24',880.000,1120.000,960.000,449.000,46.771,160.000,' / ',1,'FRANK'),(232,1,1,6,2,'2025-01-24','2025-01-24',800.000,960.000,960.000,450.000,46.875,0.000,' / ',1,'FRANK'),(233,1,3,1,1,'2025-01-24','2025-01-24',800.000,960.000,960.000,449.000,46.771,0.000,' / ',1,'FRANK'),(234,1,2,3,2,'2025-01-24','2025-01-24',720.000,880.000,880.000,408.000,46.364,0.000,' / ',1,'FRANK'),(235,2,1,2,1,'2025-01-27','2025-01-27',560.000,560.000,400.000,135.000,33.750,160.000,' / ',1,'Fabian'),(236,2,2,4,1,'2025-01-27','2025-01-27',560.000,560.000,400.000,134.000,33.500,160.000,' / ',1,'Fabian'),(237,2,3,1,1,'2025-01-27','2025-01-27',560.000,560.000,400.000,131.000,32.750,160.000,' / ',1,'Fabian'),(238,2,1,6,2,'2025-01-27','2025-01-27',560.000,720.000,560.000,229.000,40.893,160.000,' / ',1,'Fabian'),(239,2,2,3,2,'2025-01-27','2025-01-27',560.000,720.000,560.000,229.000,40.893,160.000,' / ',1,'Fabian'),(240,2,3,5,2,'2025-01-27','2025-01-27',560.000,720.000,560.000,224.000,40.000,160.000,' / ',1,'Fabian'),(241,2,1,2,1,'2025-01-28','2025-01-28',480.000,640.000,480.000,192.000,40.000,160.000,' / ',1,'Fabian'),(242,2,2,4,1,'2025-01-28','2025-01-28',480.000,640.000,480.000,189.000,39.375,160.000,' / ',1,'Fabian'),(243,2,3,1,1,'2025-01-28','2025-01-28',400.000,560.000,320.000,125.000,39.062,240.000,' / ',1,'Fabian'),(244,2,1,6,2,'2025-01-28','2025-01-28',640.000,800.000,640.000,260.000,40.625,160.000,' / ',1,'Fabian'),(245,2,2,3,2,'2025-01-28','2025-01-28',640.000,800.000,640.000,260.000,40.625,160.000,' / ',1,'Fabian'),(246,2,3,5,2,'2025-01-28','2025-01-28',560.000,800.000,640.000,262.000,40.938,160.000,' / ',1,'Fabian'),(247,2,1,2,1,'2025-01-29','2025-01-29',640.000,800.000,640.000,264.000,41.250,160.000,' / ',1,'Fabian'),(248,2,2,4,1,'2025-01-29','2025-01-29',640.000,800.000,640.000,264.000,41.250,160.000,' / ',1,'Fabian'),(249,2,3,1,1,'2025-01-29','2025-01-29',640.000,800.000,640.000,264.000,41.250,160.000,' / ',1,'Fabian'),(250,2,1,6,2,'2025-01-29','2025-01-29',720.000,880.000,720.000,296.000,41.111,160.000,' / ',1,'Fabian'),(251,2,2,3,2,'2025-01-29','2025-01-29',720.000,880.000,720.000,298.000,41.389,160.000,' / ',1,'Fabian'),(252,2,3,5,2,'2025-01-29','2025-01-29',800.000,960.000,800.000,327.000,40.875,160.000,' / ',1,'Fabian'),(253,2,1,2,1,'2025-01-30','2025-01-30',560.000,720.000,480.000,189.000,39.375,240.000,' / ',1,'Fabian'),(254,2,2,4,1,'2025-01-30','2025-01-30',560.000,720.000,480.000,191.000,39.792,240.000,' / ',1,'Fabian'),(255,2,3,1,1,'2025-01-30','2025-01-30',560.000,720.000,480.000,197.000,41.042,240.000,' / ',1,'Fabian'),(256,2,1,6,2,'2025-01-30','2025-01-30',880.000,1120.000,960.000,396.000,41.250,160.000,' / ',1,'Fabian'),(257,2,2,3,2,'2025-01-30','2025-01-30',800.000,1040.000,880.000,361.000,41.023,160.000,' / ',1,'Fabian'),(258,2,3,5,2,'2025-01-30','2025-01-30',880.000,1120.000,960.000,394.000,41.042,160.000,' / ',1,'Fabian'),(259,2,1,2,1,'2025-01-31','2025-01-31',560.000,720.000,480.000,189.000,39.375,240.000,' / ',1,'Fabian'),(260,2,2,4,1,'2025-01-31','2025-01-31',560.000,720.000,480.000,191.000,39.792,240.000,' / ',1,'Fabian'),(261,2,3,1,1,'2025-01-31','2025-01-31',480.000,640.000,480.000,197.000,41.042,160.000,' / ',1,'Fabian'),(262,2,1,2,1,'2025-02-03','2025-02-03',800.000,1040.000,880.000,391.000,44.432,160.000,' / ',1,'Fabian'),(263,2,2,4,1,'2025-02-03','2025-02-03',800.000,1040.000,880.000,388.000,44.091,160.000,' / ',1,'Fabian'),(264,2,3,1,1,'2025-02-03','2025-02-03',800.000,960.000,800.000,352.000,44.000,160.000,' / ',1,'Fabian'),(265,2,1,6,2,'2025-02-03','2025-02-03',720.000,880.000,800.000,350.000,43.750,80.000,' / ',1,'Fabian'),(266,2,2,3,2,'2025-02-03','2025-02-03',720.000,880.000,640.000,271.000,42.344,240.000,' / ',1,'Fabian'),(267,2,3,5,2,'2025-02-03','2025-02-03',720.000,880.000,640.000,282.000,44.062,240.000,' / ',1,'Fabian'),(268,2,1,2,1,'2025-02-04','2025-02-04',640.000,720.000,560.000,250.000,44.643,160.000,' / ',1,'Fabian'),(269,2,2,4,1,'2025-02-04','2025-02-04',640.000,880.000,720.000,296.000,41.111,160.000,' / ',1,'Fabian'),(270,2,1,6,2,'2025-02-04','2025-02-04',880.000,1040.000,880.000,367.000,41.705,160.000,' / ',1,'Fabian'),(271,2,2,3,2,'2025-02-04','2025-02-04',880.000,1040.000,880.000,367.000,41.705,160.000,' / ',1,'Fabian'),(272,2,3,5,2,'2025-02-04','2025-02-04',960.000,1200.000,1040.000,427.000,41.058,160.000,' / ',1,'Fabian'),(273,2,1,2,1,'2025-02-05','2025-02-05',880.000,1040.000,880.000,370.000,42.045,160.000,' / ',1,'Fabian'),(274,2,2,4,1,'2025-02-05','2025-02-05',880.000,1040.000,880.000,362.000,41.136,160.000,' / ',1,'Fabian'),(275,2,3,7,1,'2025-02-05','2025-02-05',800.000,960.000,800.000,342.000,42.750,160.000,' / ',1,'Fabian'),(276,2,1,6,2,'2025-02-05','2025-02-05',960.000,1120.000,960.000,386.000,40.208,160.000,' / ',1,'Fabian'),(277,2,2,3,2,'2025-02-05','2025-02-05',960.000,1120.000,1040.000,415.000,39.904,80.000,' / ',1,'Fabian'),(278,2,3,5,2,'2025-02-05','2025-02-05',880.000,1040.000,960.000,404.000,42.083,80.000,' / ',1,'Fabian'),(279,2,1,2,1,'2025-02-06','2025-02-06',960.000,1120.000,960.000,396.000,41.250,160.000,' / ',1,'Fabian'),(280,2,2,4,1,'2025-02-06','2025-02-06',880.000,960.000,800.000,331.000,41.375,160.000,' / ',1,'Fabian'),(281,2,3,7,1,'2025-02-06','2025-02-06',960.000,1040.000,880.000,362.000,41.136,160.000,' / ',1,'Fabian'),(282,2,1,6,2,'2025-02-06','2025-02-06',960.000,1120.000,960.000,444.000,46.250,160.000,' / ',1,'Fabian'),(283,2,2,3,2,'2025-02-06','2025-02-06',960.000,1120.000,960.000,418.000,43.542,160.000,' / ',1,'Fabian'),(284,2,3,5,2,'2025-02-06','2025-02-06',960.000,1120.000,960.000,409.000,42.604,160.000,' / ',1,'Fabian'),(285,2,1,2,1,'2025-02-07','2025-02-07',880.000,1040.000,880.000,391.000,44.432,160.000,' / ',1,'Fabian'),(286,2,2,4,1,'2025-02-07','2025-02-07',800.000,960.000,800.000,343.000,42.875,160.000,' / ',1,'Fabian'),(287,2,3,7,1,'2025-02-07','2025-02-07',800.000,960.000,800.000,341.000,42.625,160.000,' / ',1,'Fabian'),(288,2,1,6,2,'2025-02-07','2025-02-07',800.000,960.000,960.000,442.000,46.042,0.000,' / ',1,'Fabian'),(289,2,2,3,2,'2025-02-07','2025-02-07',720.000,880.000,880.000,408.000,46.364,0.000,' / ',1,'Fabian'),(290,2,3,5,2,'2025-02-07','2025-02-07',800.000,960.000,960.000,442.000,46.042,0.000,' / ',1,'Fabian'),(291,2,1,6,1,'2025-02-24','2025-02-24',800.000,800.000,640.000,257.000,40.156,160.000,' / ',1,'Fabian'),(292,2,2,3,1,'2025-02-24','2025-02-24',800.000,800.000,640.000,258.000,40.312,160.000,' / ',1,'Fabian'),(293,2,3,5,1,'2025-02-24','2025-02-24',800.000,800.000,640.000,258.000,40.312,160.000,' / ',1,'Fabian'),(294,2,1,2,2,'2025-02-24','2025-02-24',800.000,960.000,800.000,360.000,45.000,160.000,' / ',1,'Fabian'),(295,2,2,4,2,'2025-02-24','2025-02-24',800.000,960.000,800.000,364.000,45.500,160.000,' / ',1,'Fabian'),(296,2,3,7,2,'2025-02-24','2025-02-24',800.000,960.000,800.000,356.000,44.500,160.000,' / ',1,'Fabian'),(297,2,1,6,1,'2025-02-25','2025-02-25',800.000,960.000,800.000,336.000,42.000,160.000,' / ',1,'Fabian'),(298,2,2,3,1,'2025-02-25','2025-02-25',800.000,960.000,800.000,338.000,42.250,160.000,' / ',1,'Fabian'),(299,2,3,5,1,'2025-02-25','2025-02-25',800.000,960.000,800.000,336.000,42.000,160.000,' / ',1,'Fabian'),(300,2,1,2,2,'2025-02-25','2025-02-25',800.000,960.000,800.000,370.000,46.250,160.000,' / ',1,'Fabian'),(301,2,2,4,2,'2025-02-25','2025-02-25',800.000,960.000,800.000,357.000,44.625,160.000,' / ',1,'Fabian'),(302,2,3,7,2,'2025-02-25','2025-02-25',720.000,880.000,720.000,324.000,45.000,160.000,' / ',1,'Fabian'),(303,2,1,6,1,'2025-02-26','2025-02-26',800.000,960.000,880.000,394.000,44.773,80.000,' / ',1,'Fabian'),(304,2,2,3,1,'2025-02-26','2025-02-26',880.000,1040.000,880.000,398.000,45.227,160.000,' / ',1,'Fabian'),(305,2,3,5,1,'2025-02-26','2025-02-26',800.000,960.000,880.000,394.000,44.773,80.000,' / ',1,'Fabian'),(306,2,1,2,2,'2025-02-26','2025-02-26',800.000,880.000,800.000,378.000,47.250,80.000,' / ',1,'Fabian'),(307,2,2,4,2,'2025-02-26','2025-02-26',800.000,960.000,800.000,371.000,46.375,160.000,' / ',1,'Fabian'),(308,2,3,7,2,'2025-02-26','2025-02-26',800.000,880.000,800.000,367.000,45.875,80.000,' / ',1,'Fabian'),(309,2,1,6,1,'2025-02-27','2025-02-27',960.000,1040.000,880.000,399.000,45.341,160.000,' / ',1,'Fabian'),(310,2,2,3,1,'2025-02-27','2025-02-27',960.000,1120.000,960.000,436.000,45.417,160.000,' / ',1,'Fabian'),(311,2,3,5,1,'2025-02-27','2025-02-27',960.000,1040.000,880.000,394.000,44.773,160.000,' / ',1,'Fabian'),(312,2,1,2,2,'2025-02-27','2025-02-27',880.000,1040.000,880.000,396.000,45.000,160.000,' / ',1,'Fabian'),(313,2,2,4,2,'2025-02-27','2025-02-27',880.000,1040.000,880.000,397.000,45.114,160.000,' / ',1,'Fabian'),(314,2,3,7,2,'2025-02-27','2025-02-27',880.000,1040.000,880.000,396.000,45.000,160.000,' / ',1,'Fabian'),(315,2,1,6,1,'2025-02-28','2025-02-28',240.000,400.000,160.000,65.000,40.625,240.000,' / ',1,'Fabian'),(316,2,2,3,1,'2025-02-28','2025-02-28',240.000,400.000,160.000,64.000,40.000,240.000,' / ',1,'Fabian'),(317,2,3,5,1,'2025-02-28','2025-02-28',320.000,480.000,320.000,125.000,39.062,160.000,' / ',1,'Fabian'),(318,2,1,2,2,'2025-02-28','2025-02-28',880.000,1120.000,880.000,394.000,44.773,240.000,' / ',1,'Fabian'),(319,2,2,4,2,'2025-02-28','2025-02-28',880.000,1120.000,880.000,371.000,42.159,240.000,' / ',1,'Fabian'),(320,2,3,7,2,'2025-02-28','2025-02-28',800.000,960.000,800.000,336.000,42.000,160.000,' / ',1,'Fabian'),(321,2,2,4,1,'2025-03-03','2025-03-03',640.000,880.000,800.000,303.000,37.875,80.000,' / ',1,'Fabian'),(322,2,3,2,1,'2025-03-03','2025-03-03',720.000,880.000,720.000,295.000,40.972,160.000,' / ',1,'Fabian'),(323,2,2,3,2,'2025-03-03','2025-03-03',880.000,960.000,880.000,357.000,40.568,80.000,' / ',1,'Fabian'),(324,2,3,7,2,'2025-03-03','2025-03-03',880.000,1040.000,880.000,331.000,37.614,160.000,' / ',1,'Fabian'),(325,2,2,4,1,'2025-03-04','2025-03-04',880.000,960.000,880.000,334.000,37.955,80.000,' / ',1,'Fabian'),(326,2,3,2,1,'2025-03-04','2025-03-04',800.000,960.000,800.000,303.000,37.875,160.000,' / ',1,'Fabian'),(327,2,2,3,2,'2025-03-04','2025-03-04',960.000,1040.000,960.000,362.000,37.708,80.000,' / ',1,'Fabian'),(328,2,3,7,2,'2025-03-04','2025-03-04',880.000,1040.000,880.000,325.000,36.932,160.000,' / ',1,'Fabian'),(329,2,2,4,1,'2025-03-05','2025-03-05',960.000,1040.000,880.000,318.000,36.136,160.000,' / ',1,'Fabian'),(330,2,3,2,1,'2025-03-05','2025-03-05',960.000,1120.000,960.000,358.000,37.292,160.000,' / ',1,'Fabian'),(331,2,2,3,2,'2025-03-05','2025-03-05',960.000,1120.000,960.000,375.000,39.062,160.000,' / ',1,'Fabian'),(332,2,3,7,2,'2025-03-05','2025-03-05',960.000,1120.000,960.000,377.000,39.271,160.000,' / ',1,'Fabian'),(333,2,2,4,1,'2025-03-06','2025-03-06',960.000,1120.000,960.000,360.000,37.500,160.000,' / ',1,'Fabian'),(334,2,3,2,1,'2025-03-06','2025-03-06',960.000,1120.000,960.000,364.000,37.917,160.000,' / ',1,'Fabian'),(335,2,2,3,2,'2025-03-06','2025-03-06',960.000,1120.000,960.000,409.000,42.604,160.000,' / ',1,'Fabian'),(336,2,3,7,2,'2025-03-06','2025-03-06',960.000,1120.000,960.000,398.000,41.458,160.000,' / ',1,'Fabian'),(337,2,2,4,1,'2025-03-07','2025-03-07',800.000,960.000,800.000,300.000,37.500,160.000,' / ',1,'Fabian'),(338,2,3,2,1,'2025-03-07','2025-03-07',800.000,960.000,800.000,302.000,37.750,160.000,' / ',1,'Fabian'),(339,2,2,3,2,'2025-03-07','2025-03-07',480.000,640.000,640.000,266.000,41.562,0.000,' / ',1,'Fabian'),(340,2,3,7,2,'2025-03-07','2025-03-07',560.000,720.000,720.000,312.000,43.333,0.000,' / ',1,'Fabian'),(341,2,1,6,1,'2025-04-08','2025-04-08',960.000,1200.000,720.000,315.000,43.750,480.000,' / ',1,'Fabian'),(342,2,2,3,1,'2025-04-08','2025-04-08',960.000,960.000,720.000,325.000,45.139,240.000,' / ',1,'Fabian'),(343,2,3,5,1,'2025-04-08','2025-04-08',960.000,960.000,800.000,350.000,43.750,160.000,' / ',1,'Fabian'),(344,2,1,2,1,'2025-04-09','2025-04-09',960.000,1440.000,960.000,442.000,46.042,480.000,' / ',1,'Fabian'),(345,2,2,4,1,'2025-04-09','2025-04-09',960.000,1200.000,960.000,432.000,45.000,240.000,' / ',1,'Fabian'),(346,2,3,7,1,'2025-04-09','2025-04-09',960.000,1120.000,960.000,436.000,45.417,160.000,' / ',1,'Fabian'),(347,2,1,6,1,'2025-04-10','2025-04-10',960.000,1440.000,960.000,446.000,46.458,480.000,' / ',1,'Fabian'),(348,2,2,3,1,'2025-04-10','2025-04-10',960.000,1200.000,960.000,445.000,46.354,240.000,' / ',1,'Fabian'),(349,2,3,5,1,'2025-04-10','2025-04-10',960.000,1120.000,960.000,446.000,46.458,160.000,' / ',1,'Fabian'),(350,2,1,2,1,'2025-04-11','2025-04-11',640.000,1120.000,640.000,294.000,45.938,480.000,' / ',1,'Fabian'),(351,2,2,4,1,'2025-04-11','2025-04-11',640.000,880.000,640.000,298.000,46.562,240.000,' / ',1,'Fabian'),(352,2,3,7,1,'2025-04-11','2025-04-11',640.000,800.000,640.000,298.000,46.562,160.000,' / ',1,'Fabian'),(353,2,1,6,1,'2025-04-14','2025-04-14',640.000,1120.000,880.000,429.000,48.750,240.000,' / ',1,'Fabian'),(354,2,2,3,1,'2025-04-14','2025-04-14',640.000,880.000,880.000,434.000,49.318,0.000,' / ',1,'Fabian'),(355,2,3,5,1,'2025-04-14','2025-04-14',640.000,800.000,800.000,391.000,48.875,0.000,' / ',1,'Fabian'),(356,2,1,2,1,'2025-04-23','2025-04-23',480.000,720.000,320.000,150.000,46.875,400.000,' / ',1,'Fabian'),(357,2,2,4,1,'2025-04-23','2025-04-23',800.000,800.000,640.000,304.000,47.500,160.000,' / ',1,'Fabian'),(358,2,3,7,1,'2025-04-23','2025-04-23',560.000,560.000,400.000,181.000,45.250,160.000,' / ',1,'Fabian'),(359,2,1,6,2,'2025-04-23','2025-04-23',960.000,1360.000,960.000,458.000,47.708,400.000,' / ',1,'Fabian'),(360,2,2,3,2,'2025-04-23','2025-04-23',800.000,960.000,800.000,386.000,48.250,160.000,' / ',1,'Fabian'),(361,2,3,5,2,'2025-04-23','2025-04-23',880.000,1040.000,880.000,418.000,47.500,160.000,' / ',1,'Fabian'),(362,2,1,2,1,'2025-04-24','2025-04-24',880.000,1280.000,880.000,428.000,48.636,400.000,' / ',1,'Fabian'),(363,2,2,4,1,'2025-04-24','2025-04-24',800.000,960.000,800.000,386.000,48.250,160.000,' / ',1,'Fabian'),(364,2,3,7,1,'2025-04-24','2025-04-24',800.000,960.000,800.000,385.000,48.125,160.000,' / ',1,'Fabian'),(365,2,1,6,2,'2025-04-24','2025-04-24',720.000,1120.000,720.000,334.000,46.389,400.000,' / ',1,'Fabian'),(366,2,2,3,2,'2025-04-24','2025-04-24',800.000,960.000,800.000,354.000,44.250,160.000,' / ',1,'Fabian'),(367,2,3,5,2,'2025-04-24','2025-04-24',800.000,960.000,800.000,376.000,47.000,160.000,' / ',1,'Fabian'),(368,2,1,2,1,'2025-04-25','2025-04-25',800.000,1200.000,720.000,311.000,43.194,480.000,' / ',1,'Fabian'),(369,2,2,4,1,'2025-04-25','2025-04-25',800.000,960.000,720.000,328.000,45.556,240.000,' / ',1,'Fabian'),(370,2,3,7,1,'2025-04-25','2025-04-25',800.000,960.000,800.000,366.000,45.750,160.000,' / ',1,'Fabian'),(371,2,1,2,2,'2025-04-28','2025-04-28',880.000,1360.000,960.000,432.000,45.000,400.000,' / ',1,'Fabian'),(372,2,3,7,2,'2025-04-28','2025-04-28',880.000,1120.000,880.000,400.000,45.455,240.000,' / ',1,'Fabian'),(373,2,1,6,1,'2025-04-28','2025-04-28',880.000,1280.000,880.000,422.000,47.955,400.000,' / ',1,'Fabian'),(374,2,2,4,1,'2025-04-28','2025-04-28',1120.000,1360.000,1120.000,511.000,45.625,240.000,' / ',1,'Fabian'),(375,2,3,5,1,'2025-04-28','2025-04-28',880.000,1040.000,880.000,423.000,48.068,160.000,' / ',1,'Fabian'),(376,2,1,2,2,'2025-04-29','2025-04-29',960.000,1360.000,960.000,449.000,46.771,400.000,' / ',1,'Fabian'),(377,2,3,7,2,'2025-04-29','2025-04-29',880.000,1040.000,880.000,400.000,45.455,160.000,' / ',1,'Fabian'),(378,2,1,6,1,'2025-04-29','2025-04-29',880.000,1280.000,960.000,385.000,40.104,320.000,' / ',1,'Fabian'),(379,2,2,4,1,'2025-04-29','2025-04-29',960.000,1200.000,960.000,437.000,45.521,240.000,' / ',1,'Fabian'),(380,2,3,5,1,'2025-04-29','2025-04-29',880.000,1040.000,880.000,396.000,45.000,160.000,' / ',1,'Fabian'),(381,2,1,2,2,'2025-04-30','2025-04-30',880.000,1200.000,880.000,423.000,48.068,320.000,' / ',1,'Fabian'),(382,2,3,7,2,'2025-04-30','2025-04-30',880.000,1040.000,880.000,397.000,45.114,160.000,' / ',1,'Fabian'),(383,2,1,6,1,'2025-04-30','2025-04-30',880.000,1200.000,880.000,406.000,46.136,320.000,' / ',1,'Fabian'),(384,2,2,4,1,'2025-04-30','2025-04-30',960.000,1200.000,960.000,441.000,45.938,240.000,' / ',1,'Fabian'),(385,2,3,5,1,'2025-04-30','2025-04-30',880.000,1040.000,880.000,402.000,45.682,160.000,' / ',1,'Fabian'),(386,2,1,2,2,'2025-05-01','2025-05-01',880.000,1200.000,880.000,393.000,44.659,320.000,' / ',1,'Fabian'),(387,2,3,7,2,'2025-05-01','2025-05-01',960.000,1120.000,960.000,425.000,44.271,160.000,' / ',1,'Fabian'),(388,2,1,6,1,'2025-05-01','2025-05-01',880.000,1200.000,880.000,390.000,44.318,320.000,' / ',1,'Fabian'),(389,2,2,4,1,'2025-05-01','2025-05-01',960.000,1200.000,960.000,427.000,44.479,240.000,' / ',1,'Fabian'),(390,2,3,5,1,'2025-05-01','2025-05-01',880.000,1040.000,880.000,401.000,45.568,160.000,' / ',1,'Fabian'),(391,2,1,2,2,'2025-05-02','2025-05-02',800.000,1120.000,720.000,318.000,44.167,400.000,' / ',1,'Fabian'),(392,2,3,7,2,'2025-05-02','2025-05-02',800.000,960.000,640.000,276.000,43.125,320.000,' / ',1,'Fabian'),(393,2,1,6,1,'2025-05-02','2025-05-02',720.000,1120.000,640.000,282.000,44.062,480.000,' / ',1,'Fabian'),(394,2,2,4,1,'2025-05-02','2025-05-02',640.000,880.000,640.000,276.000,43.125,240.000,' / ',1,'Fabian'),(395,2,3,5,1,'2025-05-02','2025-05-02',720.000,1040.000,720.000,328.000,45.556,320.000,' / ',1,'Fabian'),(396,2,1,6,2,'2025-05-05','2025-05-05',800.000,1280.000,880.000,382.000,43.409,400.000,' / ',1,'Fabian'),(397,2,3,5,2,'2025-05-05','2025-05-05',880.000,1200.000,880.000,385.000,43.750,320.000,' / ',1,'Fabian'),(398,2,1,2,1,'2025-05-05','2025-05-05',880.000,1280.000,880.000,410.000,46.591,400.000,' / ',1,'Fabian'),(399,2,2,4,1,'2025-05-05','2025-05-05',960.000,1200.000,1040.000,478.000,45.962,160.000,' / ',1,'Fabian'),(400,2,3,7,1,'2025-05-05','2025-05-05',880.000,1200.000,880.000,410.000,46.591,320.000,' / ',1,'Fabian');
/*!40000 ALTER TABLE `produccion` ENABLE KEYS */;
UNLOCK TABLES;

--
-- Table structure for table `productores`
--

DROP TABLE IF EXISTS `productores`;
/*!40101 SET @saved_cs_client     = @@character_set_client */;
/*!40101 SET character_set_client = utf8 */;
CREATE TABLE `productores` (
  `idproductor` int(11) NOT NULL AUTO_INCREMENT,
  `idruta` int(11) DEFAULT NULL,
  `nombre` varchar(50) DEFAULT NULL,
  `codigo` varchar(20) DEFAULT NULL,
  `telefono` varchar(20) DEFAULT NULL,
  `tipo` int(11) DEFAULT '0',
  PRIMARY KEY (`idproductor`)
) ENGINE=InnoDB DEFAULT CHARSET=latin1;
/*!40101 SET character_set_client = @saved_cs_client */;

--
-- Dumping data for table `productores`
--

LOCK TABLES `productores` WRITE;
/*!40000 ALTER TABLE `productores` DISABLE KEYS */;
/*!40000 ALTER TABLE `productores` ENABLE KEYS */;
UNLOCK TABLES;

--
-- Table structure for table `recoleccion`
--

DROP TABLE IF EXISTS `recoleccion`;
/*!40101 SET @saved_cs_client     = @@character_set_client */;
/*!40101 SET character_set_client = utf8 */;
CREATE TABLE `recoleccion` (
  `idrecoleccion` int(11) NOT NULL AUTO_INCREMENT,
  `idruta` int(11) DEFAULT NULL,
  `idrecolector` int(11) NOT NULL,
  `litros` float(9,3) DEFAULT NULL,
  `litrostarima` float(9,3) DEFAULT '0.000',
  `plb` float(9,3) DEFAULT '0.000',
  `observacion` varchar(50) DEFAULT NULL,
  `estatus` int(11) DEFAULT '0',
  `fecha` date DEFAULT NULL,
  `anulada` int(11) DEFAULT '0',
  `usuario` varchar(20) DEFAULT NULL,
  PRIMARY KEY (`idrecoleccion`)
) ENGINE=InnoDB DEFAULT CHARSET=latin1;
/*!40101 SET character_set_client = @saved_cs_client */;

--
-- Dumping data for table `recoleccion`
--

LOCK TABLES `recoleccion` WRITE;
/*!40000 ALTER TABLE `recoleccion` DISABLE KEYS */;
/*!40000 ALTER TABLE `recoleccion` ENABLE KEYS */;
UNLOCK TABLES;

--
-- Table structure for table `roles`
--

DROP TABLE IF EXISTS `roles`;
/*!40101 SET @saved_cs_client     = @@character_set_client */;
/*!40101 SET character_set_client = utf8 */;
CREATE TABLE `roles` (
  `idrol` int(11) NOT NULL AUTO_INCREMENT,
  `iduser` int(11) DEFAULT NULL,
  `newarticulo` int(11) DEFAULT '0',
  `editarticulo` int(11) DEFAULT '0',
  `ajuste` int(11) DEFAULT '0',
  `newajuste` int(11) DEFAULT '0',
  `showajuste` int(11) DEFAULT '0',
  `clientes` int(11) DEFAULT '0',
  `newcliente` int(11) DEFAULT '0',
  `editcliente` int(11) DEFAULT '0',
  `newcocedor` int(11) DEFAULT '0',
  `editcocedor` int(11) DEFAULT '0',
  `newdeposito` int(11) DEFAULT '0',
  `editdeposito` int(11) DEFAULT '0',
  `showdeposito` int(11) DEFAULT '0',
  `newproceso` int(11) DEFAULT '0',
  `closeproceso` int(11) DEFAULT '0',
  `newrecepcion` int(11) DEFAULT '0',
  `anularrecepcion` int(11) DEFAULT '0',
  `ventas` int(11) DEFAULT '0',
  `newventa` int(11) DEFAULT '0',
  `anularventa` int(11) DEFAULT '0',
  `showventa` int(11) DEFAULT '0',
  `entobar` int(11) DEFAULT '0',
  `newtraslado` int(11) DEFAULT '0',
  `showtraslado` int(11) DEFAULT '0',
  `actroles` int(11) DEFAULT '0',
  `analisis` int(11) DEFAULT '0',
  `rproduccion` int(11) DEFAULT '0',
  `rinventario` int(11) DEFAULT '0',
  `rventas` int(11) DEFAULT '0',
  `rclientes` int(11) DEFAULT '0',
  `showproduccion` int(11) DEFAULT '0',
  `anularproduccion` int(11) DEFAULT '0',
  `updatepass` int(11) DEFAULT '0',
  `controltobos` int(11) DEFAULT '0',
  `movtobos` int(11) DEFAULT '0',
  `stock` int(11) DEFAULT '0',
  `deposito` int(11) DEFAULT '0',
  PRIMARY KEY (`idrol`)
) ENGINE=InnoDB AUTO_INCREMENT=6 DEFAULT CHARSET=latin1;
/*!40101 SET character_set_client = @saved_cs_client */;

--
-- Dumping data for table `roles`
--

LOCK TABLES `roles` WRITE;
/*!40000 ALTER TABLE `roles` DISABLE KEYS */;
INSERT INTO `roles` VALUES (1,1,1,1,1,1,1,1,1,1,1,1,1,1,1,1,1,1,1,1,1,1,1,1,1,1,1,1,1,1,1,1,1,1,1,1,1,1,1),(2,2,0,0,0,0,0,0,0,0,0,0,0,0,0,1,1,0,1,0,0,0,0,1,1,0,0,0,0,0,0,0,0,0,0,0,1,0,0),(3,3,1,1,1,1,1,1,1,1,1,1,1,1,1,1,1,0,0,1,1,1,1,1,1,1,0,1,1,1,1,1,1,0,1,1,1,0,0),(4,4,1,1,1,1,1,1,1,1,1,1,1,1,1,1,1,0,0,1,1,1,1,1,1,1,0,0,0,0,0,0,1,0,0,1,1,0,0),(5,5,1,1,1,1,1,1,1,1,1,1,1,1,1,1,1,0,0,1,1,1,1,1,1,1,0,1,1,1,1,1,1,0,1,1,1,0,0);
/*!40000 ALTER TABLE `roles` ENABLE KEYS */;
UNLOCK TABLES;

--
-- Table structure for table `rutas`
--

DROP TABLE IF EXISTS `rutas`;
/*!40101 SET @saved_cs_client     = @@character_set_client */;
/*!40101 SET character_set_client = utf8 */;
CREATE TABLE `rutas` (
  `idruta` int(11) NOT NULL AUTO_INCREMENT,
  `nombre` varchar(50) DEFAULT NULL,
  `contacto` varchar(50) DEFAULT NULL,
  `telefono` varchar(20) DEFAULT NULL,
  PRIMARY KEY (`idruta`)
) ENGINE=InnoDB AUTO_INCREMENT=8 DEFAULT CHARSET=latin1;
/*!40101 SET character_set_client = @saved_cs_client */;

--
-- Dumping data for table `rutas`
--

LOCK TABLES `rutas` WRITE;
/*!40000 ALTER TABLE `rutas` DISABLE KEYS */;
INSERT INTO `rutas` VALUES (1,'TRANSPORTE DON JULIAN','julian alvarez','0275484512'),(2,'TRANSPORTE EDUARDO FUEN MAYOR','eduardo fuen mayor','0141654654'),(3,'Transporte Don Toto','jose mora','04146-9067104'),(4,'TRASNPORTE HERIBERTO','jose heriberto mora','0112-46532132'),(5,'TRANSPORTE NKS','wuilmer puerta','04161224'),(6,'TRASNPORTE 5 AGUILAS','jose ramirez','0412562341'),(7,'EL HATO',NULL,'012421');
/*!40000 ALTER TABLE `rutas` ENABLE KEYS */;
UNLOCK TABLES;

--
-- Table structure for table `sistema`
--

DROP TABLE IF EXISTS `sistema`;
/*!40101 SET @saved_cs_client     = @@character_set_client */;
/*!40101 SET character_set_client = utf8 */;
CREATE TABLE `sistema` (
  `idempresa` int(11) DEFAULT NULL,
  `fechainicio` date DEFAULT NULL,
  `fechavence` date DEFAULT NULL
) ENGINE=InnoDB DEFAULT CHARSET=latin1;
/*!40101 SET character_set_client = @saved_cs_client */;

--
-- Dumping data for table `sistema`
--

LOCK TABLES `sistema` WRITE;
/*!40000 ALTER TABLE `sistema` DISABLE KEYS */;
INSERT INTO `sistema` VALUES (1,'2023-07-15','2025-07-15');
/*!40000 ALTER TABLE `sistema` ENABLE KEYS */;
UNLOCK TABLES;

--
-- Table structure for table `tanques`
--

DROP TABLE IF EXISTS `tanques`;
/*!40101 SET @saved_cs_client     = @@character_set_client */;
/*!40101 SET character_set_client = utf8 */;
CREATE TABLE `tanques` (
  `idtanque` int(11) NOT NULL AUTO_INCREMENT,
  `iddeposito` int(11) DEFAULT NULL,
  `nombre` varchar(10) DEFAULT NULL,
  `capacidad` float(9,3) DEFAULT NULL,
  `uso` float(9,3) DEFAULT NULL,
  `tipo` varchar(10) DEFAULT NULL,
  PRIMARY KEY (`idtanque`)
) ENGINE=InnoDB AUTO_INCREMENT=31 DEFAULT CHARSET=latin1;
/*!40101 SET character_set_client = @saved_cs_client */;

--
-- Dumping data for table `tanques`
--

LOCK TABLES `tanques` WRITE;
/*!40000 ALTER TABLE `tanques` DISABLE KEYS */;
INSERT INTO `tanques` VALUES (16,1,'Tanque1',14700.000,0.000,''),(17,1,'Tanque2',14700.000,0.000,''),(18,2,'Tanque1',9900.000,0.000,' '),(19,2,'Tanque2',9900.000,0.000,' '),(20,3,'Tanque1',4619.000,0.000,' '),(21,3,'Tanque2',5421.000,0.000,' '),(22,3,'Tanque3',4660.000,0.000,''),(23,4,'Tanque1',3350.000,0.000,' '),(24,4,'Tanque2',3350.000,0.000,' '),(25,5,'Tanque1',3300.000,0.000,' '),(26,5,'Tanque2',3250.000,0.000,' '),(27,6,'Tanque1',4900.000,0.000,''),(28,6,'Tanque2',4900.000,0.000,''),(29,6,'Tanque3',4900.000,0.000,NULL),(30,7,'Tanque1',1500.000,0.000,'TRR3+H');
/*!40000 ALTER TABLE `tanques` ENABLE KEYS */;
UNLOCK TABLES;

--
-- Table structure for table `traslados`
--

DROP TABLE IF EXISTS `traslados`;
/*!40101 SET @saved_cs_client     = @@character_set_client */;
/*!40101 SET character_set_client = utf8 */;
CREATE TABLE `traslados` (
  `idtraslado` int(11) NOT NULL AUTO_INCREMENT,
  `concepto` varchar(50) DEFAULT NULL,
  `responsable` varchar(20) DEFAULT NULL,
  `origen` int(11) DEFAULT NULL,
  `destino` int(11) DEFAULT NULL,
  `fecha` date DEFAULT NULL,
  `usuario` varchar(20) DEFAULT NULL,
  PRIMARY KEY (`idtraslado`)
) ENGINE=InnoDB AUTO_INCREMENT=25 DEFAULT CHARSET=latin1;
/*!40101 SET character_set_client = @saved_cs_client */;

--
-- Dumping data for table `traslados`
--

LOCK TABLES `traslados` WRITE;
/*!40000 ALTER TABLE `traslados` DISABLE KEYS */;
INSERT INTO `traslados` VALUES (1,'tobos que ya estaban en la parrilla','frank',1,2,'2024-07-17','FRANK'),(2,'Estaban en parrilla nuevos','Frank',1,2,'2024-07-17','FRANK'),(3,'Se llevaron del principal','Freddy',1,2,'2024-07-17','FRANK'),(4,'e había inventario viejo en principal','Frank',1,2,'2024-07-18','FRANK'),(5,'Ajuste ya estaba en almacén 2','Frank',1,3,'2024-07-19','FRANK'),(6,'Traslado','Josser',2,1,'2024-07-19','JOSSER'),(7,'Translado. se bajoel 18 soto','Frank',2,1,'2024-07-19','FRANK'),(8,'Se rajo el tobo se echo parrilla','Frank',2,1,'2024-07-19','FRANK'),(9,'Traslado','Josser',2,1,'2024-07-23','JOSSER'),(10,'Traslado','Josser',2,1,'2024-07-25','JOSSER'),(11,'Translado para venta corcelfq','Frank',3,1,'2024-08-08','FRANK'),(12,'Se dejaron en las parrillas','Frank',1,2,'2024-08-13','FRANK'),(13,'Traslado','Josser',2,1,'2024-08-22','JOSSER'),(14,'Traslado','Josser',2,1,'2024-08-22','JOSSER'),(15,'Traslado','Josser',2,1,'2024-08-27','JOSSER'),(16,'Traslado','Josser',2,1,'2024-08-29','JOSSER'),(17,'Traslado','Josser',2,1,'2024-09-02','JOSSER'),(18,'Traslado','Josser',2,1,'2024-09-05','JOSSER'),(19,'Traslado','Josser',2,1,'2024-09-11','JOSSER'),(20,'Traslado','Josser',2,1,'2024-09-11','JOSSER'),(21,'Traslado','Josser',2,1,'2024-09-18','JOSSER'),(22,'Traslado','Josser',2,1,'2024-09-28','JOSSER'),(23,'translado','frank',2,1,'2025-01-24','FRANK'),(24,'translado','frank',2,1,'2025-01-24','FRANK');
/*!40000 ALTER TABLE `traslados` ENABLE KEYS */;
UNLOCK TABLES;

--
-- Table structure for table `turnos`
--

DROP TABLE IF EXISTS `turnos`;
/*!40101 SET @saved_cs_client     = @@character_set_client */;
/*!40101 SET character_set_client = utf8 */;
CREATE TABLE `turnos` (
  `idturno` int(11) NOT NULL AUTO_INCREMENT,
  `nombreturno` varchar(20) DEFAULT NULL,
  PRIMARY KEY (`idturno`)
) ENGINE=InnoDB AUTO_INCREMENT=3 DEFAULT CHARSET=latin1;
/*!40101 SET character_set_client = @saved_cs_client */;

--
-- Dumping data for table `turnos`
--

LOCK TABLES `turnos` WRITE;
/*!40000 ALTER TABLE `turnos` DISABLE KEYS */;
INSERT INTO `turnos` VALUES (1,'Turno 1'),(2,'Turno 2');
/*!40000 ALTER TABLE `turnos` ENABLE KEYS */;
UNLOCK TABLES;

--
-- Table structure for table `users`
--

DROP TABLE IF EXISTS `users`;
/*!40101 SET @saved_cs_client     = @@character_set_client */;
/*!40101 SET character_set_client = utf8 */;
CREATE TABLE `users` (
  `id` bigint(20) unsigned NOT NULL AUTO_INCREMENT,
  `name` varchar(255) COLLATE utf8mb4_unicode_ci NOT NULL,
  `email` varchar(255) COLLATE utf8mb4_unicode_ci NOT NULL,
  `email_verified_at` timestamp NULL DEFAULT NULL,
  `password` varchar(255) COLLATE utf8mb4_unicode_ci NOT NULL,
  `remember_token` varchar(100) COLLATE utf8mb4_unicode_ci DEFAULT NULL,
  `created_at` timestamp NULL DEFAULT NULL,
  `updated_at` timestamp NULL DEFAULT NULL,
  PRIMARY KEY (`id`),
  UNIQUE KEY `users_email_unique` (`email`)
) ENGINE=InnoDB AUTO_INCREMENT=6 DEFAULT CHARSET=utf8mb4 COLLATE=utf8mb4_unicode_ci;
/*!40101 SET character_set_client = @saved_cs_client */;

--
-- Dumping data for table `users`
--

LOCK TABLES `users` WRITE;
/*!40000 ALTER TABLE `users` DISABLE KEYS */;
INSERT INTO `users` VALUES (1,'FRANK','administrador@gmail.com',NULL,'$2y$10$x06i0lR7iZsoSyD5kzeYLODMdzilGS2eo7QkAjIp2lVqZTOu/327q','e2ldObtmq0eADXGNq0rCUc54c8msDJlMYymtuTOz1nyfP4IH2w7QGENTH4wW','2023-07-13 19:33:35','2024-07-17 16:18:35'),(2,'Fabian','supervicion@gmail.com',NULL,'$2y$10$1UeHlkWm/LFNg9GRMSTljOUEtzzldNGNskwUjixiradZcjp5BuuoK','yUp6viByawq3hyKkmygvMq0Z3N9Tczema3tr6EIHXHqWhvbXasFkFfeoyfY3','2023-08-09 19:17:25','2025-05-20 15:58:23'),(3,'FRANKLIN','gerencia@gmail.com',NULL,'$2y$10$jAsbyjUTMK6PvRlqeghPxOevI7jktKohLUI1ACxhPEEh./ye9iY9i',NULL,'2023-08-09 21:21:04','2025-05-15 16:35:52'),(4,'FREDDY','supervisor1@gmail.com',NULL,'$2y$10$ZYMYVgqmv9PdMcT3ldQp9esN0e.bIAG7sg7vlSvyRH.hyhmItoVeK',NULL,'2024-06-13 04:06:10','2025-05-15 16:35:59'),(5,'FERNANDO','supervisor2@gmail.com',NULL,'$2y$10$oAkbQX3aM.zrFPV6WtRLie.I2KAUAkzlRnEdw6DyChe9DbHADzBj6',NULL,'2024-06-13 04:12:39','2025-05-15 16:36:05');
/*!40000 ALTER TABLE `users` ENABLE KEYS */;
UNLOCK TABLES;
/*!40103 SET TIME_ZONE=@OLD_TIME_ZONE */;

/*!40101 SET SQL_MODE=@OLD_SQL_MODE */;
/*!40014 SET FOREIGN_KEY_CHECKS=@OLD_FOREIGN_KEY_CHECKS */;
/*!40014 SET UNIQUE_CHECKS=@OLD_UNIQUE_CHECKS */;
/*!40101 SET CHARACTER_SET_CLIENT=@OLD_CHARACTER_SET_CLIENT */;
/*!40101 SET CHARACTER_SET_RESULTS=@OLD_CHARACTER_SET_RESULTS */;
/*!40101 SET COLLATION_CONNECTION=@OLD_COLLATION_CONNECTION */;
/*!40111 SET SQL_NOTES=@OLD_SQL_NOTES */;

-- Dump completed on 2025-05-24 18:42:47
